"ts","platform","ms_played","conn_country","ip_addr","master_metadata_track_name","master_metadata_album_artist_name","master_metadata_album_album_name","spotify_track_uri","episode_name","episode_show_name","spotify_episode_uri","audiobook_title","audiobook_uri","audiobook_chapter_uri","audiobook_chapter_title","reason_start","reason_end","shuffle","skipped","offline","offline_timestamp","incognito_mode"
"2021-12-02T16:09:27Z","Windows 10 (10.0.19042; x64; AppX)",8862,"IN","103.39.129.249",None,None,None,None,"Billie Eilish","2021 Wrapped","spotify:episode:0IHfQwQxI4MOn0Pe18fyQ0",None,None,None,None,"clickrow","trackdone",False,False,False,None,False
"2021-12-02T16:09:39Z","Windows 10 (10.0.19042; x64; AppX)",8860,"IN","103.39.129.249",None,None,None,None,"Billie Eilish","2021 Wrapped","spotify:episode:0IHfQwQxI4MOn0Pe18fyQ0",None,None,None,None,"clickrow","trackdone",False,False,False,None,False
"2021-12-02T16:20:02Z","Windows 10 (10.0.19042; x64; AppX)",7420,"IN","103.39.129.249",None,None,None,None,"Dua Lipa","2021 Wrapped","spotify:episode:5In9wJ7E5acQOYziK06lnh",None,None,None,None,"clickrow","trackdone",False,False,False,None,False
"2021-12-02T16:27:56Z","Windows 10 (10.0.19042; x64; AppX)",8671,"IN","103.39.129.249",None,None,None,None,"Billie Eilish","2021 Wrapped","spotify:episode:0IHfQwQxI4MOn0Pe18fyQ0",None,None,None,None,"trackdone","endplay",False,False,False,None,False
"2021-12-03T12:40:03Z","Android OS 10 API 29 (Xiaomi, Redmi Note 7 Pro)",5524,"IN","103.39.129.249",None,None,None,None,"Coldplay","2021 Wrapped","spotify:episode:2TLr4MOu98oOV0amb3rbcD",None,None,None,None,"clickrow","clickrow",True,False,False,None,False
"2021-12-03T12:40:13Z","Android OS 10 API 29 (Xiaomi, Redmi Note 7 Pro)",8058,"IN","103.39.129.249",None,None,None,None,"Imagine Dragons","2021 Wrapped","spotify:episode:4kIKrR8hWT4PUxAHPmqygX",None,None,None,None,"clickrow","endplay",True,False,False,None,False
"2021-12-03T12:41:43Z","Android OS 10 API 29 (Xiaomi, Redmi Note 7 Pro)",7405,"IN","103.39.129.249",None,None,None,None,"Dua Lipa","2021 Wrapped","spotify:episode:5In9wJ7E5acQOYziK06lnh",None,None,None,None,"clickrow","trackdone",True,False,False,None,False
"2021-12-04T14:48:03Z","Windows 10 (10.0.19042; x64; AppX)",5982,"IN","103.39.129.249",None,None,None,None,"Coldplay","2021 Wrapped","spotify:episode:2TLr4MOu98oOV0amb3rbcD",None,None,None,None,"trackdone","trackdone",False,False,False,None,False
"2021-12-06T10:48:42Z","Windows 10 (10.0.19042; x64; AppX)",8856,"IN","43.241.193.169",None,None,None,None,"Billie Eilish","2021 Wrapped","spotify:episode:0IHfQwQxI4MOn0Pe18fyQ0",None,None,None,None,"trackdone","trackdone",False,False,False,None,False
"2021-12-06T11:30:32Z","Windows 10 (10.0.19042; x64; AppX)",7421,"IN","43.241.193.169",None,None,None,None,"Dua Lipa","2021 Wrapped","spotify:episode:5In9wJ7E5acQOYziK06lnh",None,None,None,None,"trackdone","trackdone",False,False,False,None,False
"2021-12-07T06:17:34Z","Windows 10 (10.0.19042; x64; AppX)",21134,"IN","43.241.193.169",None,None,None,None,"Imagine Dragons","2021 Wrapped","spotify:episode:4kIKrR8hWT4PUxAHPmqygX",None,None,None,None,"trackdone","unexpected-exit",False,False,False,None,False
"2021-12-07T07:00:56Z","Windows 10 (10.0.19042; x64; AppX)",5982,"IN","43.241.193.169",None,None,None,None,"Coldplay","2021 Wrapped","spotify:episode:2TLr4MOu98oOV0amb3rbcD",None,None,None,None,"trackdone","trackdone",False,False,False,None,False
"2021-12-08T05:17:01Z","Windows 10 (10.0.19042; x64; AppX)",8862,"IN","43.241.193.169",None,None,None,None,"Billie Eilish","2021 Wrapped","spotify:episode:0IHfQwQxI4MOn0Pe18fyQ0",None,None,None,None,"trackdone","trackdone",False,False,False,None,False
"2021-12-09T08:13:01Z","Windows 10 (10.0.19042; x64; AppX)",8856,"IN","43.241.193.169",None,None,None,None,"Billie Eilish","2021 Wrapped","spotify:episode:0IHfQwQxI4MOn0Pe18fyQ0",None,None,None,None,"trackdone","trackdone",False,False,False,None,False
"2021-12-10T05:31:13Z","Windows 10 (10.0.19042; x64; AppX)",7415,"IN","43.241.193.169",None,None,None,None,"Dua Lipa","2021 Wrapped","spotify:episode:5In9wJ7E5acQOYziK06lnh",None,None,None,None,"playbtn","trackdone",False,False,False,None,False
"2022-11-30T15:35:15Z","android",4254,"IN","43.241.193.237","Dil (From ""Ek Villain Returns"")","Kaushik-Guddu","Dil (From ""Ek Villain Returns"")","spotify:track:043SPVu75TXbs94ZfM9dfn",None,None,None,None,None,None,None,"unknown","endplay",False,True,None,None,False
"2022-11-30T15:35:17Z","android",1744,"IN","43.241.193.237","Rangisari (From ""Jugjugg Jeeyo"")","Kanishk Seth","Rangisari (From ""Jugjugg Jeeyo"")","spotify:track:0DXfJ2iKRDEG7rPgssWFea",None,None,None,None,None,None,None,"unknown","endplay",False,True,None,None,False
"2022-11-30T15:35:20Z","android",1688,"IN","43.241.193.237","Mera Safar","Iqlipse Nova","Mera Safar","spotify:track:2AB7fsbG0eZJjDGile69CQ",None,None,None,None,None,None,None,"unknown","endplay",False,True,None,None,False
"2022-11-30T15:35:22Z","android",3219,"IN","43.241.193.237","Tauba (feat. Badshah)","Payal Dev","Tauba (feat. Badshah)","spotify:track:1GzgV0pRSUbenz25xWV2s8",None,None,None,None,None,None,None,"unknown","endplay",False,True,None,None,False
"2022-11-30T15:35:23Z","android",1542,"IN","43.241.193.237","The Dojo","Johnny Klimek","The Matrix Resurrections (Original Motion Picture Soundtrack)","spotify:track:7g5b7Am6SLhHdK4tXppObw",None,None,None,None,None,None,None,"unknown","endplay",False,True,None,None,False
"2022-11-30T15:35:24Z","android",813,"IN","43.241.193.237","Untouchable","Tegi Pannu","Untouchable","spotify:track:2hDMBVN3P47GEhH5VtmA6m",None,None,None,None,None,None,None,"unknown","endplay",False,True,None,None,False
"2022-11-30T15:35:25Z","android",1078,"IN","43.241.193.237","The Pool","Raphaelle Thibaut","Introducing, Selma Blair (Original Motion Picture Soundtrack)","spotify:track:1VpnWzCSImeP7cU1p9prFs",None,None,None,None,None,None,None,"unknown","endplay",False,True,None,None,False
"2022-11-30T15:35:26Z","android",0,"IN","43.241.193.237","Etne","RØRE","Owen","spotify:track:0XmfdHTrbFUZgJjFnb1LqZ",None,None,None,None,None,None,None,"unknown","endplay",False,True,None,None,False
"2022-11-30T15:35:26Z","android",0,"IN","43.241.193.237","Bansi","MC Altaf","Bansi","spotify:track:5lH8AnaPSJlDZQ0kAKZCS2",None,None,None,None,None,None,None,"unknown","endplay",False,True,None,None,False
"2022-11-30T15:35:55Z","android",28925,"IN","43.241.193.237","The Pool","Raphaelle Thibaut","Introducing, Selma Blair (Original Motion Picture Soundtrack)","spotify:track:1VpnWzCSImeP7cU1p9prFs",None,None,None,None,None,None,None,"unknown","trackdone",False,False,None,None,False
"2022-11-30T15:35:56Z","android",0,"IN","43.241.193.237","Untouchable","Tegi Pannu","Untouchable","spotify:track:2hDMBVN3P47GEhH5VtmA6m",None,None,None,None,None,None,None,"unknown","endplay",False,True,None,None,False
"2022-11-30T15:35:59Z","android",3634,"IN","43.241.193.237","Google Pay","Karma","Google Pay","spotify:track:4jqdTjX083euOxkKqJu0O2",None,None,None,None,None,None,None,"unknown","endplay",False,True,None,None,False
"2022-11-30T15:36:01Z","android",1725,"IN","43.241.193.237","Who Do You Love","ARTY","Who Do You Love","spotify:track:2w1rG2MPE4vF77znvevuz5",None,None,None,None,None,None,None,"unknown","endplay",False,True,None,None,False
"2022-11-30T15:36:23Z","android",1437,"IN","43.241.193.237","Bansi","MC Altaf","Bansi","spotify:track:5lH8AnaPSJlDZQ0kAKZCS2",None,None,None,None,None,None,None,"unknown","endplay",False,True,None,None,False
"2022-11-30T15:36:26Z","android",22486,"IN","43.241.193.237","Etne","RØRE","Owen","spotify:track:0XmfdHTrbFUZgJjFnb1LqZ",None,None,None,None,None,None,None,"unknown","endplay",False,True,None,None,False
"2022-11-30T15:36:27Z","android",2848,"IN","43.241.193.237","Justin’s Theme","Jeff Russo","The Man Who Fell to Earth: Themes and Sketches (Original Series Soundtrack)","spotify:track:0rUBl0Fu9Dkzv7taNrFTqa",None,None,None,None,None,None,None,"unknown","endplay",False,True,None,None,False
"2022-11-30T15:36:33Z","android",1079,"IN","43.241.193.237","Life Was Just Beginning","Marcelo Zarvos","A Journal for Jordan (Original Motion Picture Soundtrack)","spotify:track:2ZZLWOz3YrQfhD8q0OUsdW",None,None,None,None,None,None,None,"unknown","endplay",False,True,None,None,False
"2022-11-30T15:36:34Z","android",5364,"IN","43.241.193.237","The Gilded Age (Main Title Theme)","Harry Gregson-Williams","The Gilded Age (Soundtrack from the HBO® Original Series)","spotify:track:5mDWx1oPXw1bvOcTBVL93w",None,None,None,None,None,None,None,"unknown","endplay",False,True,None,None,False
"2022-11-30T15:36:39Z","android",959,"IN","43.241.193.237","Nikamma (From ""Nikamma"")","Javed-Mohsin","Nikamma","spotify:track:3qgklso41KNlGppAwsJoLq",None,None,None,None,None,None,None,"unknown","endplay",False,True,None,None,False
"2022-11-30T15:37:00Z","android",4754,"IN","43.241.193.237","Super Pumped Main Theme","Brendan Angelides","Super Pumped: The Battle For Uber (Music from the Showtime Original Series)","spotify:track:3fhdGqjknGADOomuY87BVf",None,None,None,None,None,None,None,"unknown","endplay",False,True,None,None,False
"2022-11-30T15:37:02Z","android",20962,"IN","43.241.193.237","I Will Do What I Must","William Ross","Obi-Wan Kenobi","spotify:track:2Repj4bSgaOyvuWOkcWFIY",None,None,None,None,None,None,None,"unknown","endplay",False,True,None,None,False
"2022-11-30T15:37:03Z","android",1669,"IN","43.241.193.237","Thrinos","Thomas Farnon","Edicius (Original Motion Picture Soundtrack)","spotify:track:1BLhw0Jg5xhXxqsuk32IMN",None,None,None,None,None,None,None,"unknown","endplay",False,True,None,None,False
"2022-11-30T15:37:06Z","android",1457,"IN","43.241.193.237","Tu Hai Kaun","Fotty Seven","Tu Hai Kaun","spotify:track:4gJwX0QLUXwjwmQG77ihLS",None,None,None,None,None,None,None,"unknown","endplay",False,True,None,None,False
"2022-11-30T15:37:07Z","android",2756,"IN","43.241.193.237","Teacher's Pet","Joseph Shirley","The Book of Boba Fett: Vol. 2 (Chapters 5-7)","spotify:track:7k8nhtGWfiw8dOR8Iq61hP",None,None,None,None,None,None,None,"unknown","endplay",False,True,None,None,False
"2022-11-30T15:37:08Z","android",1032,"IN","43.241.193.237","Sanki","Ikka","Nishu","spotify:track:0Dwsm89mqCLjfwiRstctbl",None,None,None,None,None,None,None,"unknown","endplay",False,True,None,None,False
"2022-11-30T15:37:11Z","android",0,"IN","43.241.193.237","The King's Man","Matthew Margeson","The King's Man","spotify:track:7c83RE46yaPpADloOKnpJr",None,None,None,None,None,None,None,"unknown","endplay",False,True,None,None,False
"2022-11-30T15:37:11Z","android",0,"IN","43.241.193.237","Sajan Das Na","Atif Aslam","Sajan Das Na","spotify:track:4TNzipbkHuhp5DtHcZ9osE",None,None,None,None,None,None,None,"unknown","endplay",False,True,None,None,False
"2022-11-30T15:37:11Z","android",859,"IN","43.241.193.237","Sanware","Priyansh Srivastava","Sanware","spotify:track:4qBHgJWDMuWhgWwp2FFz7z",None,None,None,None,None,None,None,"unknown","endplay",False,True,None,None,False
"2022-11-30T15:37:11Z","android",1957,"IN","43.241.193.237","Leda","Dickon Hinchliffe","The Lost Daughter (Soundtrack from the Netflix Film)","spotify:track:6QoCMSRMoNjRHzZY86CO88",None,None,None,None,None,None,None,"unknown","endplay",False,True,None,None,False
"2022-11-30T15:37:43Z","android",3869,"IN","43.241.193.237","everything i wanted","Billie Eilish","everything i wanted","spotify:track:3ZCTVFBt2Brf31RLEnCkWJ",None,None,None,None,None,None,None,"unknown","endplay",False,True,None,None,False
"2022-11-30T15:37:51Z","android",1120,"IN","43.241.193.237","Enemy feat. J.I.D. (from the series Arcane League of Legends)","Imagine Dragons","Arcane League of Legends (Soundtrack from the Animated Series)","spotify:track:4qXKkOZ691yYgQu4Lunrds",None,None,None,None,None,None,None,"unknown","endplay",False,True,None,None,False
"2022-11-30T15:41:17Z","android",0,"IN","43.241.193.237","Enemy feat. J.I.D. (from the series Arcane League of Legends)","Imagine Dragons","Arcane League of Legends (Soundtrack from the Animated Series)","spotify:track:4qXKkOZ691yYgQu4Lunrds",None,None,None,None,None,None,None,"unknown","endplay",False,True,None,None,False
"2022-11-30T15:59:20Z","android",0,"IN","43.241.193.237","Enemy feat. J.I.D. (from the series Arcane League of Legends)","Imagine Dragons","Arcane League of Legends (Soundtrack from the Animated Series)","spotify:track:4qXKkOZ691yYgQu4Lunrds",None,None,None,None,None,None,None,"unknown","endplay",False,True,None,None,False
"2022-11-30T15:59:45Z","android",12945,"IN","43.241.193.237","everything i wanted","Billie Eilish","everything i wanted","spotify:track:3ZCTVFBt2Brf31RLEnCkWJ",None,None,None,None,None,None,None,"unknown","endplay",False,True,None,None,False
"2022-11-30T16:00:14Z","android",29038,"IN","43.241.193.237","Enemy feat. J.I.D. (from the series Arcane League of Legends)","Imagine Dragons","Arcane League of Legends (Soundtrack from the Animated Series)","spotify:track:4qXKkOZ691yYgQu4Lunrds",None,None,None,None,None,None,None,"unknown","endplay",False,True,None,None,False
"2022-11-30T16:00:21Z","android",783,"IN","43.241.193.237","Dil (From ""Ek Villain Returns"")","Kaushik-Guddu","Dil (From ""Ek Villain Returns"")","spotify:track:043SPVu75TXbs94ZfM9dfn",None,None,None,None,None,None,None,"unknown","endplay",False,True,None,None,False
"2022-11-30T16:00:21Z","android",257,"IN","43.241.193.237","Rangisari (From ""Jugjugg Jeeyo"")","Kanishk Seth","Rangisari (From ""Jugjugg Jeeyo"")","spotify:track:0DXfJ2iKRDEG7rPgssWFea",None,None,None,None,None,None,None,"unknown","endplay",False,True,None,None,False
"2022-11-30T16:00:22Z","android",0,"IN","43.241.193.237","Tauba (feat. Badshah)","Payal Dev","Tauba (feat. Badshah)","spotify:track:1GzgV0pRSUbenz25xWV2s8",None,None,None,None,None,None,None,"unknown","endplay",False,True,None,None,False
"2022-11-30T16:00:22Z","android",232,"IN","43.241.193.237","Mera Safar","Iqlipse Nova","Mera Safar","spotify:track:2AB7fsbG0eZJjDGile69CQ",None,None,None,None,None,None,None,"unknown","endplay",False,True,None,None,False
"2022-11-30T16:00:22Z","android",199,"IN","43.241.193.237","Untouchable","Tegi Pannu","Untouchable","spotify:track:2hDMBVN3P47GEhH5VtmA6m",None,None,None,None,None,None,None,"unknown","endplay",False,True,None,None,False
"2022-11-30T16:00:22Z","android",317,"IN","43.241.193.237","The Dojo","Johnny Klimek","The Matrix Resurrections (Original Motion Picture Soundtrack)","spotify:track:7g5b7Am6SLhHdK4tXppObw",None,None,None,None,None,None,None,"unknown","endplay",False,True,None,None,False
"2022-11-30T16:00:23Z","android",215,"IN","43.241.193.237","The Pool","Raphaelle Thibaut","Introducing, Selma Blair (Original Motion Picture Soundtrack)","spotify:track:1VpnWzCSImeP7cU1p9prFs",None,None,None,None,None,None,None,"unknown","endplay",False,True,None,None,False
"2022-11-30T16:00:23Z","android",175,"IN","43.241.193.237","Google Pay","Karma","Google Pay","spotify:track:4jqdTjX083euOxkKqJu0O2",None,None,None,None,None,None,None,"unknown","endplay",False,True,None,None,False
"2022-11-30T16:00:24Z","android",201,"IN","43.241.193.237","Who Do You Love","ARTY","Who Do You Love","spotify:track:2w1rG2MPE4vF77znvevuz5",None,None,None,None,None,None,None,"unknown","endplay",False,True,None,None,False
"2022-11-30T16:00:24Z","android",683,"IN","43.241.193.237","Bansi","MC Altaf","Bansi","spotify:track:5lH8AnaPSJlDZQ0kAKZCS2",None,None,None,None,None,None,None,"unknown","endplay",False,True,None,None,False
"2022-11-30T16:00:25Z","android",194,"IN","43.241.193.237","Justin’s Theme","Jeff Russo","The Man Who Fell to Earth: Themes and Sketches (Original Series Soundtrack)","spotify:track:0rUBl0Fu9Dkzv7taNrFTqa",None,None,None,None,None,None,None,"unknown","endplay",False,True,None,None,False
"2022-11-30T16:00:25Z","android",256,"IN","43.241.193.237","Etne","RØRE","Owen","spotify:track:0XmfdHTrbFUZgJjFnb1LqZ",None,None,None,None,None,None,None,"unknown","endplay",False,True,None,None,False
"2022-11-30T16:00:26Z","android",267,"IN","43.241.193.237","Life Was Just Beginning","Marcelo Zarvos","A Journal for Jordan (Original Motion Picture Soundtrack)","spotify:track:2ZZLWOz3YrQfhD8q0OUsdW",None,None,None,None,None,None,None,"unknown","endplay",False,True,None,None,False
"2022-11-30T16:00:27Z","android",781,"IN","43.241.193.237","The Gilded Age (Main Title Theme)","Harry Gregson-Williams","The Gilded Age (Soundtrack from the HBO® Original Series)","spotify:track:5mDWx1oPXw1bvOcTBVL93w",None,None,None,None,None,None,None,"unknown","endplay",False,True,None,None,False
"2022-11-30T16:00:28Z","android",799,"IN","43.241.193.237","Nikamma (From ""Nikamma"")","Javed-Mohsin","Nikamma","spotify:track:3qgklso41KNlGppAwsJoLq",None,None,None,None,None,None,None,"unknown","endplay",False,True,None,None,False
"2022-11-30T16:00:28Z","android",0,"IN","43.241.193.237","Tu Hai Kaun","Fotty Seven","Tu Hai Kaun","spotify:track:4gJwX0QLUXwjwmQG77ihLS",None,None,None,None,None,None,None,"unknown","endplay",False,True,None,None,False
"2022-11-30T16:00:45Z","android",0,"IN","43.241.193.237","Nikamma (From ""Nikamma"")","Javed-Mohsin","Nikamma","spotify:track:3qgklso41KNlGppAwsJoLq",None,None,None,None,None,None,None,"unknown","endplay",False,True,None,None,False
"2022-11-30T16:00:49Z","android",18008,"IN","43.241.193.237","Super Pumped Main Theme","Brendan Angelides","Super Pumped: The Battle For Uber (Music from the Showtime Original Series)","spotify:track:3fhdGqjknGADOomuY87BVf",None,None,None,None,None,None,None,"unknown","endplay",False,True,None,None,False
"2022-11-30T16:00:54Z","android",3644,"IN","43.241.193.237","I Will Do What I Must","William Ross","Obi-Wan Kenobi","spotify:track:2Repj4bSgaOyvuWOkcWFIY",None,None,None,None,None,None,None,"unknown","endplay",False,True,None,None,False
"2022-11-30T16:00:55Z","android",4715,"IN","43.241.193.237","Thrinos","Thomas Farnon","Edicius (Original Motion Picture Soundtrack)","spotify:track:1BLhw0Jg5xhXxqsuk32IMN",None,None,None,None,None,None,None,"unknown","endplay",False,True,None,None,False
"2022-11-30T16:00:56Z","android",1005,"IN","43.241.193.237","Tu Hai Kaun","Fotty Seven","Tu Hai Kaun","spotify:track:4gJwX0QLUXwjwmQG77ihLS",None,None,None,None,None,None,None,"unknown","endplay",False,True,None,None,False
"2022-11-30T16:00:57Z","android",981,"IN","43.241.193.237","Teacher's Pet","Joseph Shirley","The Book of Boba Fett: Vol. 2 (Chapters 5-7)","spotify:track:7k8nhtGWfiw8dOR8Iq61hP",None,None,None,None,None,None,None,"unknown","endplay",False,True,None,None,False
"2022-11-30T16:00:58Z","android",910,"IN","43.241.193.237","Sanki","Ikka","Nishu","spotify:track:0Dwsm89mqCLjfwiRstctbl",None,None,None,None,None,None,None,"unknown","endplay",False,True,None,None,False
"2022-11-30T16:01:05Z","android",1116,"IN","43.241.193.237","Sanware","Priyansh Srivastava","Sanware","spotify:track:4qBHgJWDMuWhgWwp2FFz7z",None,None,None,None,None,None,None,"unknown","endplay",False,True,None,None,False
"2022-11-30T16:01:12Z","android",6797,"IN","43.241.193.237","Leda","Dickon Hinchliffe","The Lost Daughter (Soundtrack from the Netflix Film)","spotify:track:6QoCMSRMoNjRHzZY86CO88",None,None,None,None,None,None,None,"unknown","endplay",False,True,None,None,False
"2022-11-30T16:01:14Z","android",7141,"IN","43.241.193.237","The King's Man","Matthew Margeson","The King's Man","spotify:track:7c83RE46yaPpADloOKnpJr",None,None,None,None,None,None,None,"unknown","endplay",False,True,None,None,False
"2022-11-30T16:01:16Z","android",1950,"IN","43.241.193.237","Sajan Das Na","Atif Aslam","Sajan Das Na","spotify:track:4TNzipbkHuhp5DtHcZ9osE",None,None,None,None,None,None,None,"unknown","endplay",False,True,None,None,False
"2022-11-30T16:01:17Z","android",971,"IN","43.241.193.237","Batman","Aghor","Batman","spotify:track:0x5itC1IF7WtrA7lJUmIbf",None,None,None,None,None,None,None,"unknown","endplay",False,True,None,None,False
"2022-11-30T16:01:18Z","android",1213,"IN","43.241.193.237","The Force Theme","Eliott Tordo Erhu","The Force Theme","spotify:track:31Ihhal3Ozj1ATOTG91ZYH",None,None,None,None,None,None,None,"unknown","endplay",False,True,None,None,False
"2022-11-30T16:01:20Z","android",847,"IN","43.241.193.237","Kahaani","Santanu Ghatak","Kahaani","spotify:track:144TS04R5kwzBqaM805g9E",None,None,None,None,None,None,None,"unknown","endplay",False,True,None,None,False
"2022-11-30T16:01:21Z","android",2211,"IN","43.241.193.237","A New Era","John Lunn","Downton Abbey: A New Era","spotify:track:76xQe9hXJSoGmrZ1ruNsqv",None,None,None,None,None,None,None,"unknown","endplay",False,True,None,None,False
"2022-11-30T16:01:26Z","android",798,"IN","43.241.193.237","Mayakirriye","Anivee","Mayakirriye","spotify:track:5Xm4pHOZjks21F81pIdAba",None,None,None,None,None,None,None,"unknown","endplay",False,True,None,None,False
"2022-12-02T01:31:20Z","android",4027,"IN","43.241.193.237","everything i wanted","Billie Eilish","everything i wanted","spotify:track:3ZCTVFBt2Brf31RLEnCkWJ",None,None,None,None,None,None,None,"unknown","endplay",False,True,None,None,False
"2022-12-02T01:31:23Z","android",485,"IN","43.241.193.237","Enemy feat. J.I.D. (from the series Arcane League of Legends)","Imagine Dragons","Arcane League of Legends (Soundtrack from the Animated Series)","spotify:track:4qXKkOZ691yYgQu4Lunrds",None,None,None,None,None,None,None,"unknown","endplay",False,True,None,None,False
"2022-12-03T17:14:19Z","android",1107,"IN","43.241.194.102","Dil (From ""Ek Villain Returns"")","Kaushik-Guddu","Dil (From ""Ek Villain Returns"")","spotify:track:043SPVu75TXbs94ZfM9dfn",None,None,None,None,None,None,None,"unknown","endplay",False,True,None,None,False
"2022-12-03T17:14:20Z","android",999,"IN","43.241.194.102","Rangisari (From ""Jugjugg Jeeyo"")","Kanishk Seth","Rangisari (From ""Jugjugg Jeeyo"")","spotify:track:0DXfJ2iKRDEG7rPgssWFea",None,None,None,None,None,None,None,"unknown","endplay",False,True,None,None,False
"2022-12-03T17:14:21Z","android",803,"IN","43.241.194.102","Mera Safar","Iqlipse Nova","Mera Safar","spotify:track:2AB7fsbG0eZJjDGile69CQ",None,None,None,None,None,None,None,"unknown","endplay",False,True,None,None,False
"2022-12-03T17:14:23Z","android",970,"IN","43.241.194.102","Tauba (feat. Badshah)","Payal Dev","Tauba (feat. Badshah)","spotify:track:1GzgV0pRSUbenz25xWV2s8",None,None,None,None,None,None,None,"unknown","endplay",False,True,None,None,False
"2022-12-03T17:14:24Z","android",968,"IN","43.241.194.102","The Dojo","Johnny Klimek","The Matrix Resurrections (Original Motion Picture Soundtrack)","spotify:track:7g5b7Am6SLhHdK4tXppObw",None,None,None,None,None,None,None,"unknown","endplay",False,True,None,None,False
"2022-12-03T17:14:30Z","android",1443,"IN","43.241.194.102","Untouchable","Tegi Pannu","Untouchable","spotify:track:2hDMBVN3P47GEhH5VtmA6m",None,None,None,None,None,None,None,"unknown","endplay",False,True,None,None,False
"2022-12-03T17:14:31Z","android",6072,"IN","43.241.194.102","The Pool","Raphaelle Thibaut","Introducing, Selma Blair (Original Motion Picture Soundtrack)","spotify:track:1VpnWzCSImeP7cU1p9prFs",None,None,None,None,None,None,None,"unknown","endplay",False,True,None,None,False
"2022-12-03T17:14:34Z","android",2871,"IN","43.241.194.102","Who Do You Love","ARTY","Who Do You Love","spotify:track:2w1rG2MPE4vF77znvevuz5",None,None,None,None,None,None,None,"unknown","endplay",False,True,None,None,False
"2022-12-03T17:14:34Z","android",0,"IN","43.241.194.102","Etne","RØRE","Owen","spotify:track:0XmfdHTrbFUZgJjFnb1LqZ",None,None,None,None,None,None,None,"unknown","endplay",False,True,None,None,False
"2022-12-03T17:14:34Z","android",0,"IN","43.241.194.102","Bansi","MC Altaf","Bansi","spotify:track:5lH8AnaPSJlDZQ0kAKZCS2",None,None,None,None,None,None,None,"unknown","endplay",False,True,None,None,False
"2022-12-03T17:14:34Z","android",898,"IN","43.241.194.102","Google Pay","Karma","Google Pay","spotify:track:4jqdTjX083euOxkKqJu0O2",None,None,None,None,None,None,None,"unknown","endplay",False,True,None,None,False
"2023-06-17T03:14:59Z","android",0,"IN","43.241.193.239","Sahara","Hensonn","Sahara","spotify:track:6nqdgUTiWt4JbABDurkxMI",None,None,None,None,None,None,None,"unknown","endplay",False,True,None,None,False
"2023-06-17T03:14:59Z","android",0,"IN","43.241.193.239","GigaChad Theme - Phonk House Version","g3ox_em","GigaChad Theme","spotify:track:7mLWNwcvwRdEviz6SfYp8A",None,None,None,None,None,None,None,"unknown","endplay",False,True,None,None,False
"2023-12-04T13:00:40Z","android",3047,"IN","43.241.194.198","Deewani Mastani","Shreya Ghoshal","Bajirao Mastani (Original Motion Picture Soundtrack)","spotify:track:59GU2OeltZirxzBLa7m5GC",None,None,None,None,None,None,None,"unknown","endplay",False,True,None,None,False
"2023-12-04T13:00:41Z","android",1544,"IN","43.241.194.198","lovely (with Khalid)","Billie Eilish","lovely (with Khalid)","spotify:track:0u2P5u6lvoDfwTYjAADbn4",None,None,None,None,None,None,None,"unknown","endplay",False,True,None,None,False
"2023-12-04T13:00:50Z","android",4740,"IN","43.241.194.198","Deewani Mastani","Shreya Ghoshal","Bajirao Mastani (Original Motion Picture Soundtrack)","spotify:track:59GU2OeltZirxzBLa7m5GC",None,None,None,None,None,None,None,"unknown","endplay",False,True,None,None,False
"2023-12-04T13:00:54Z","android",1585,"IN","43.241.194.198","Enemy (with JID) - from the series Arcane League of Legends","Imagine Dragons","Mercury - Acts 1 & 2","spotify:track:3CIyK1V4JEJkg02E4EJnDl",None,None,None,None,None,None,None,"unknown","endplay",False,True,None,None,False
"2023-12-04T13:00:59Z","android",3221,"IN","43.241.194.198","Overcome","Skott","A Letter from the Universe","spotify:track:6NzO8H8HWe1hHaiZWiGpXH",None,None,None,None,None,None,None,"unknown","endplay",False,True,None,None,False
"2023-12-04T13:01:02Z","android",1155,"IN","43.241.194.198","Something Just Like This","The Chainsmokers","Memories...Do Not Open","spotify:track:6RUKPb4LETWmmr3iAEQktW",None,None,None,None,None,None,None,"unknown","endplay",False,True,None,None,False
"2023-12-04T13:01:04Z","android",915,"IN","43.241.194.198","Fear of the Water","SYML","Hurt for Me","spotify:track:3jVniYVNCrwQvvWJpReosr",None,None,None,None,None,None,None,"unknown","endplay",False,True,None,None,False
"2023-12-05T12:18:56Z","android",4216,"IN","43.241.194.231","Sadness and Sorrow (Naruto)","Taylor Davis","Gaming Fantasy","spotify:track:4U2v1vLfpfNjOEXVuY1aHd",None,None,None,None,None,None,None,"unknown","endplay",False,True,None,None,False
"2023-12-05T12:19:01Z","android",4421,"IN","43.241.194.231","Luminary","Joel Sunny","Luminary","spotify:track:66pWxtaxTV8CxcGOvivZeT",None,None,None,None,None,None,None,"unknown","endplay",False,True,None,None,False
"2023-12-05T12:19:08Z","android",6669,"IN","43.241.194.231","Ordinary Person (From ""Leo"")","Anirudh Ravichander","Ordinary Person","spotify:track:6FahmzZYKH0zb2f9hrVsvw",None,None,None,None,None,None,None,"unknown","endplay",False,True,None,None,False
"2023-12-05T12:19:10Z","android",1597,"IN","43.241.194.231","Main Title","Ramin Djawadi","Game Of Thrones - Music From The HBO Series","spotify:track:2q6fxAvSpqXR4jx9Ne7RGz",None,None,None,None,None,None,None,"unknown","endplay",False,True,None,None,False
"2023-12-05T12:19:19Z","android",8857,"IN","43.241.194.231","The Mandalorian","Ludwig Göransson","The Mandalorian: Chapter 1","spotify:track:6tJFtthY0rI1x06qb8NjK0",None,None,None,None,None,None,None,"unknown","endplay",False,True,None,None,False
"2023-12-05T12:19:22Z","android",3051,"IN","43.241.194.231","Spider-Man 2099 (Miguel O'Hara)","Daniel Pemberton","Spider-Man: Across the Spider-Verse (Original Score)","spotify:track:6iD9kcWB4h25t7OX8Xk6wT",None,None,None,None,None,None,None,"unknown","endplay",False,True,None,None,False
"2023-12-05T12:19:24Z","android",2175,"IN","43.241.194.231","Bathroom Dance","Hildur Guðnadóttir","Joker (Original Motion Picture Soundtrack)","spotify:track:4WiqPbWvLbv317E8fB4SJC",None,None,None,None,None,None,None,"unknown","endplay",False,True,None,None,False
"2023-12-05T12:19:27Z","android",1904,"IN","43.241.194.231","Manavaalan Thug - From ""Thallumaala""","Dabzee","Manavaalan Thug (From ""Thallumaala"")","spotify:track:0MHiYjjcHNYM9KURa6NveF",None,None,None,None,None,None,None,"unknown","endplay",False,True,None,None,False
"2023-12-05T12:19:29Z","android",2556,"IN","43.241.194.231","Carol Of The Bells","Lindsey Stirling","Warmer In The Winter","spotify:track:0byPyCPX9mfGMiAGVZxasq",None,None,None,None,None,None,None,"unknown","endplay",False,True,None,None,False
"2023-12-05T12:19:31Z","android",927,"IN","43.241.194.231","Wahran","RANDALL","Wahran","spotify:track:7xlrdBdz8TGSo0COvLHymc",None,None,None,None,None,None,None,"unknown","endplay",False,True,None,None,False
"2023-12-05T12:19:35Z","android",4328,"IN","43.241.194.231","La leçon particulière - Bande originale du film ""La leçon particulière""","Francis Lai","Mayerling","spotify:track:4OWa2dOlmtvMDhFrFL0QA1",None,None,None,None,None,None,None,"unknown","endplay",False,True,None,None,False
"2023-12-05T12:19:37Z","android",1261,"IN","43.241.194.231","Black Adam Theme (from ""Black Adam"")","Lorne Balfe","Black Adam (Original Motion Picture Soundtrack)","spotify:track:1YcqFdl5MQIfN4f8ulc73l",None,None,None,None,None,None,None,"unknown","endplay",False,True,None,None,False
"2023-12-05T12:19:39Z","android",1950,"IN","43.241.194.231","Ripples in the Sand","Hans Zimmer","Dune (Original Motion Picture Soundtrack)","spotify:track:1gqCO3x2MO4KbQfN9pGUlH",None,None,None,None,None,None,None,"unknown","endplay",False,True,None,None,False
"2023-12-05T12:19:41Z","android",2078,"IN","43.241.194.231","Separate Ways (Worlds Apart) - Bryce Miller/Alloy Tracks Remix","Journey","Separate Ways (Worlds Apart)","spotify:track:0muK9BAzu2TJXQgWPsEj6e",None,None,None,None,None,None,None,"unknown","endplay",False,True,None,None,False
"2023-12-05T12:19:42Z","android",836,"IN","43.241.194.231","Wednesday Main Titles","Danny Elfman","Wednesday (Original Series Soundtrack)","spotify:track:3dd9uXh41vmFLO3UvqLJL6",None,None,None,None,None,None,None,"unknown","endplay",False,True,None,None,False
"2023-12-05T12:19:48Z","android",717,"IN","43.241.194.231","Farq hai","Suzonn","Farq hai","spotify:track:6MZyrnqwsLnrWY5Gk0AyXg",None,None,None,None,None,None,None,"unknown","endplay",False,True,None,None,False
"2023-12-05T12:19:50Z","android",865,"IN","43.241.194.231","Akhiyaan","Mitraz","Akhiyaan","spotify:track:2l3dFxtoSMgMQVyRIUHjpz",None,None,None,None,None,None,None,"unknown","endplay",False,True,None,None,False
"2023-12-05T12:19:52Z","android",1957,"IN","43.241.194.231","Atlantis","Seafret","Tell Me It's Real","spotify:track:1Fid2jjqsHViMX6xNH70hE",None,None,None,None,None,None,None,"unknown","endplay",False,True,None,None,False
"2023-12-05T12:19:54Z","android",1813,"IN","43.241.194.231","Can We Kiss Forever?","Kina","Can We Kiss Forever?","spotify:track:58wyJLv6yH1La9NIZPl3ne",None,None,None,None,None,None,None,"unknown","endplay",False,True,None,None,False
"2023-12-05T12:19:55Z","android",688,"IN","43.241.194.231","Aankhon Se Batana","Dikshant","Aankhon Se Batana","spotify:track:1ZiReD9pPTttQWwSoYqdyH",None,None,None,None,None,None,None,"unknown","endplay",False,True,None,None,False
"2023-12-05T12:19:57Z","android",1830,"IN","43.241.194.231","September - Instrumental","Sparky Deathcap","September","spotify:track:6pj9JkwBA6VzYdLXvaJkPh",None,None,None,None,None,None,None,"unknown","endplay",False,True,None,None,False
"2023-12-05T12:19:58Z","android",825,"IN","43.241.194.231","Memories","Conan Gray","Superache","spotify:track:5UXJzLFdBn6u9FJTCnoHrH",None,None,None,None,None,None,None,"unknown","endplay",False,True,None,None,False
"2023-12-05T12:20:05Z","android",6162,"IN","43.241.194.231","People You Know","Selena Gomez","Rare","spotify:track:63mdJr3NMY3wReOkNE6c6W",None,None,None,None,None,None,None,"unknown","endplay",False,True,None,None,False
"2023-12-05T12:20:07Z","android",1782,"IN","43.241.194.231","Lamhey","Anubha Bajaj","Lamhey","spotify:track:5Z2GQ0eBKoatNYqbGayihP",None,None,None,None,None,None,None,"unknown","endplay",False,True,None,None,False
"2023-12-05T12:20:08Z","android",632,"IN","43.241.194.231","Nee Kavithaigala","Dhibu Ninan Thomas","Maragatha Naanayam","spotify:track:6R0FwF48PO2BrdZpLeWi42",None,None,None,None,None,None,None,"unknown","endplay",False,True,None,None,False
"2023-12-05T12:20:17Z","android",9004,"IN","43.241.194.231","Until I Found You (with Em Beihold) - Em Beihold Version","Stephen Sanchez","Until I Found You","spotify:track:1Y3LN4zO1Edc2EluIoSPJN",None,None,None,None,None,None,None,"unknown","endplay",False,True,None,None,False
"2023-12-05T12:20:21Z","android",4083,"IN","43.241.194.231","Say Yes To Heaven","Lana Del Rey","Say Yes To Heaven","spotify:track:6GGtHZgBycCgGBUhZo81xe",None,None,None,None,None,None,None,"unknown","endplay",False,True,None,None,False
"2023-12-05T12:20:37Z","android",15945,"IN","43.241.194.231","Rait Zara Si (From ""Atrangi Re"")","A.R. Rahman","Rait Zara Si (From ""Atrangi Re"")","spotify:track:4uK0M8AI6gyFmyzUneQpbi",None,None,None,None,None,None,None,"unknown","endplay",False,True,None,None,False
"2023-12-05T12:20:39Z","android",1490,"IN","43.241.194.231","Aisay Kaisay","Hasan Raheem","Aisay Kaisay","spotify:track:0mAswKg3RCbmXAV4KYTUxM",None,None,None,None,None,None,None,"unknown","endplay",False,True,None,None,False
"2023-12-05T12:20:41Z","android",1670,"IN","43.241.194.231","cold/mess","Prateek Kuhad","cold/mess","spotify:track:7uhINGViZPygI2AljxO8KN",None,None,None,None,None,None,None,"unknown","endplay",False,True,None,None,False
"2023-12-05T12:20:49Z","android",1339,"IN","43.241.194.231","I Found","Amber Run","5AM (Expanded Edition)","spotify:track:5zT5cMnMKoyruPj13TQXGx",None,None,None,None,None,None,None,"unknown","endplay",False,True,None,None,False
"2023-12-05T12:20:51Z","android",1569,"IN","43.241.194.231","Rue des trois frères","Fabrizio Paterlini","Fragments Found","spotify:track:3lSOZb5rruEnFbe9xWELF6",None,None,None,None,None,None,None,"unknown","endplay",False,True,None,None,False
"2023-12-05T12:20:53Z","android",1921,"IN","43.241.194.231","Primavera","Ludovico Einaudi","Divenire","spotify:track:4BMHp3DkI8VLsuB9Kr0pzu",None,None,None,None,None,None,None,"unknown","endplay",False,True,None,None,False
"2023-12-05T12:20:54Z","android",624,"IN","43.241.194.231","Astronomy","Conan Gray","Superache","spotify:track:2JN3ugW1cEahbYw0I5mw5U",None,None,None,None,None,None,None,"unknown","endplay",False,True,None,None,False
"2023-12-05T12:20:58Z","android",3717,"IN","43.241.194.231","Cornfield Chase","Dorian Marko","Cornfield Chase","spotify:track:4fhFlHloSh3y8qC3z7teXt",None,None,None,None,None,None,None,"unknown","endplay",False,True,None,None,False
"2023-12-05T12:21:03Z","android",4652,"IN","43.241.194.231","What Was I Made For? [From The Motion Picture ""Barbie""]","Billie Eilish","What Was I Made For? [From The Motion Picture ""Barbie""]","spotify:track:6wf7Yu7cxBSPrRlWeSeK0Q",None,None,None,None,None,None,None,"unknown","endplay",False,True,None,None,False
"2023-12-05T12:21:05Z","android",2232,"IN","43.241.194.231","Romantic Homicide","d4vd","Romantic Homicide","spotify:track:1xK59OXxi2TAAAbmZK0kBL",None,None,None,None,None,None,None,"unknown","endplay",False,True,None,None,False
"2023-12-05T12:21:07Z","android",1601,"IN","43.241.194.231","Night Changes","One Direction","FOUR","spotify:track:5O2P9iiztwhomNh8xkR9lJ",None,None,None,None,None,None,None,"unknown","endplay",False,True,None,None,False
"2023-12-05T12:21:08Z","android",641,"IN","43.241.194.231","Hearing","Sleeping At Last","Atlas: II","spotify:track:13Z3uZXTFpbLBZ8R1rTUKO",None,None,None,None,None,None,None,"unknown","endplay",False,True,None,None,False
"2023-12-05T12:21:19Z","android",10238,"IN","43.241.194.231","Night Changes","One Direction","FOUR","spotify:track:5O2P9iiztwhomNh8xkR9lJ",None,None,None,None,None,None,None,"unknown","endplay",False,True,None,None,False
"2023-12-05T12:21:20Z","android",1176,"IN","43.241.194.231","Hearing","Sleeping At Last","Atlas: II","spotify:track:13Z3uZXTFpbLBZ8R1rTUKO",None,None,None,None,None,None,None,"unknown","endplay",False,True,None,None,False
"2023-12-05T12:21:24Z","android",3148,"IN","43.241.194.231","Hold On","Chord Overstreet","Hold On","spotify:track:5vjLSffimiIP26QG5WcN2K",None,None,None,None,None,None,None,"unknown","endplay",False,True,None,None,False
"2023-12-05T12:21:27Z","android",2550,"IN","43.241.194.231","My Love Mine All Mine","Mitski","The Land Is Inhospitable and So Are We","spotify:track:3vkCueOmm7xQDoJ17W1Pm3",None,None,None,None,None,None,None,"unknown","endplay",False,True,None,None,False
"2023-12-05T12:21:29Z","android",1666,"IN","43.241.194.231","hope to see you again","Antent","hope to see you again","spotify:track:3vfYc2JwOEhV8Rr1RxBlGu",None,None,None,None,None,None,None,"unknown","endplay",False,True,None,None,False
"2023-12-05T12:21:37Z","android",7894,"IN","43.241.194.231","Kasoor","Prateek Kuhad","Kasoor","spotify:track:08kTa3SL9sV6Iy8KLKtGql",None,None,None,None,None,None,None,"unknown","endplay",False,True,None,None,False
"2023-12-05T12:21:38Z","android",1516,"IN","43.241.194.231","novocaine","GenriX","unfortunately yours,","spotify:track:2OrucC3HEPmZpkaQ05Nx0V",None,None,None,None,None,None,None,"unknown","endplay",False,True,None,None,False
"2023-12-05T12:21:41Z","android",2296,"IN","43.241.194.231","SNAP","Rosa Linn","SNAP","spotify:track:76OGwb5RA9h4FxQPT33ekc",None,None,None,None,None,None,None,"unknown","endplay",False,True,None,None,False
"2023-12-10T07:54:28Z","android",1297,"IN","152.58.35.19","Ajab Si (From ""Om Shanti Om"")","KK","Zindagi Do Pal Ki - K.K. All Time Hits","spotify:track:2RgvvnMwtP0R2OkVZmFvnV",None,None,None,None,None,None,None,"unknown","endplay",False,True,None,None,False
"2023-12-10T07:54:30Z","android",1102,"IN","152.58.35.19","Heeriye (feat. Arijit Singh)","Jasleen Royal","Heeriye (feat. Arijit Singh)","spotify:track:5PUXKVVVQ74C3gl5vKy9Li",None,None,None,None,None,None,None,"unknown","endplay",False,True,None,None,False
"2023-12-10T07:54:30Z","android",720,"IN","152.58.35.19","Raataan Lambiyan (From ""Shershaah"")","Tanishk Bagchi","Raataan Lambiyan","spotify:track:2rOnSn2piaqLAlYjtfUBlY",None,None,None,None,None,None,None,"unknown","endplay",False,True,None,None,False
"2023-12-10T07:54:38Z","android",6867,"IN","152.58.35.19","Heeriye (feat. Arijit Singh)","Jasleen Royal","Heeriye (feat. Arijit Singh)","spotify:track:5PUXKVVVQ74C3gl5vKy9Li",None,None,None,None,None,None,None,"unknown","endplay",False,True,None,None,False
"2023-12-10T07:54:40Z","android",1385,"IN","152.58.35.19","Raataan Lambiyan (From ""Shershaah"")","Tanishk Bagchi","Raataan Lambiyan","spotify:track:2rOnSn2piaqLAlYjtfUBlY",None,None,None,None,None,None,None,"unknown","endplay",False,True,None,None,False
"2023-12-10T07:54:41Z","android",1216,"IN","152.58.35.19","Pal","Javed-Mohsin","Pal","spotify:track:5G7pZ8G8NFvS1MQ9H4L7dC",None,None,None,None,None,None,None,"unknown","endplay",False,True,None,None,False
"2023-12-10T07:54:51Z","android",10226,"IN","152.58.35.19","With You","AP Dhillon","With You","spotify:track:0xIuPDzJSnJywALez8dwKR",None,None,None,None,None,None,None,"unknown","endplay",False,True,None,None,False
"2023-12-10T07:54:54Z","android",2128,"IN","152.58.35.19","Hasi - Male Version","Ami Mishra","Hamari Adhuri Kahani (Original Motion Picture Soundtrack)","spotify:track:32765xcLM1fd6wQIpkN9A0",None,None,None,None,None,None,None,"unknown","endplay",False,True,None,None,False
"2023-12-10T07:54:58Z","android",4320,"IN","152.58.35.19","Pehla Pyaar","Vishal Mishra","Kabir Singh","spotify:track:0ojpEubhy4JNeVftmVuiN7",None,None,None,None,None,None,None,"unknown","endplay",False,True,None,None,False
"2023-12-10T07:55:07Z","android",8817,"IN","152.58.35.19","Maan Meri Jaan","King","Champagne Talk","spotify:track:1418IuVKQPTYqt7QNJ9RXN",None,None,None,None,None,None,None,"unknown","endplay",False,True,None,None,False
"2023-12-10T07:55:16Z","android",8672,"IN","152.58.35.19","Nainowale Ne","Neeti Mohan","Padmaavat","spotify:track:1Xl83AOH0iWEOVFcdQqKBW",None,None,None,None,None,None,None,"unknown","endplay",False,True,None,None,False
"2023-12-10T07:55:26Z","android",9989,"IN","152.58.35.19","Meri Jaan","Sanjay Leela Bhansali","Gangubai Kathiawadi","spotify:track:4iEGv5Ne6HuCkFCjzxdWQK",None,None,None,None,None,None,None,"unknown","endplay",False,True,None,None,False
"2023-12-10T07:55:35Z","android",8775,"IN","152.58.35.19","Doobey","OAFF","Gehraiyaan","spotify:track:7k6QR9YHyW258yVN6FHO1T",None,None,None,None,None,None,None,"unknown","endplay",False,True,None,None,False
"2023-12-10T07:55:49Z","android",13294,"IN","152.58.35.19","Agar Tum Saath Ho (From ""Tamasha"")","Alka Yagnik","Love Forever With Arijit Singh","spotify:track:2FCXQHugkoHE1K3tiDu8pu",None,None,None,None,None,None,None,"unknown","endplay",False,True,None,None,False
"2023-12-10T07:55:51Z","android",2660,"IN","152.58.35.19","Tujhe Kitna Chahne Lage (From ""Kabir Singh"")","Arijit Singh","Tujhe Kitna Chahne Lage (From ""Kabir Singh"")","spotify:track:2Fv2injs4qAm8mJBGaxVKU",None,None,None,None,None,None,None,"unknown","endplay",False,True,None,None,False
"2023-12-10T07:55:54Z","android",2477,"IN","152.58.35.19","Malang Sajna","Sachet Tandon","Malang Sajna","spotify:track:73K33p4Vyz9koXGqmL5eFs",None,None,None,None,None,None,None,"unknown","endplay",False,True,None,None,False
"2023-12-10T07:55:57Z","android",3021,"IN","152.58.35.19","Dil Ko Karaar Aaya (From ""Sukoon"")","Yasser Desai","Dil Ko Karaar Aaya (From ""Sukoon"")","spotify:track:5urYiIXu1ZhfMAOsp7WDTc",None,None,None,None,None,None,None,"unknown","endplay",False,True,None,None,False
"2023-12-10T07:56:08Z","android",1420,"IN","152.58.35.19","Divenire","Ludovico Einaudi","Divenire","spotify:track:6KpO4neDXxGdiEgsivZieY",None,None,None,None,None,None,None,"unknown","endplay",False,True,None,None,False
"2023-12-10T07:56:10Z","android",2129,"IN","152.58.35.19","Adiemus","Karl Jenkins","Adiemus - Songs Of Sanctuary","spotify:track:54CAG8n70kKVbFV6l1zF4G",None,None,None,None,None,None,None,"unknown","endplay",False,True,None,None,False
"2023-12-10T07:56:15Z","android",4295,"IN","152.58.35.19","Continent","Adrián Berenguer","The Journey","spotify:track:1Yr2hrpm3uClCTYHudCSqR",None,None,None,None,None,None,None,"unknown","endplay",False,True,None,None,False
"2023-12-10T07:56:18Z","android",2899,"IN","152.58.35.19","Happiness Is Simple","Simon Franglen","Avatar: The Way of Water","spotify:track:7iFw1GrPSKTP7V8wr2HL7O",None,None,None,None,None,None,None,"unknown","endplay",False,True,None,None,False
"2023-12-10T07:56:21Z","android",3377,"IN","152.58.35.19","Ameno","ERA","Era I","spotify:track:7mfvOqsvzZaUl7sfbcNk4E",None,None,None,None,None,None,None,"unknown","endplay",False,True,None,None,False
"2023-12-10T07:56:23Z","android",2197,"IN","152.58.35.19","History Of Time","Ender Güney","History Of Time","spotify:track:00lZusVTc8hpjJf10F950m",None,None,None,None,None,None,None,"unknown","endplay",False,True,None,None,False
"2023-12-10T07:56:26Z","android",2794,"IN","152.58.35.19","Mulaqat","Prateek Kuhad","Mulaqat","spotify:track:7uZLUFqPgGqwzD5rzOl8Sa",None,None,None,None,None,None,None,"unknown","endplay",False,True,None,None,False
"2023-12-10T07:56:28Z","android",1681,"IN","152.58.35.19","The Departure","Max Richter","The Leftovers: Season 1 (Music from the HBO Series)","spotify:track:3KG9I4JXpDwNQOsotE3uLh",None,None,None,None,None,None,None,"unknown","endplay",False,True,None,None,False
"2023-12-10T07:56:30Z","android",1145,"IN","152.58.35.19","Joona","Hasan Raheem","Joona","spotify:track:18twglRl0wFIIMtFOy2CHs",None,None,None,None,None,None,None,"unknown","endplay",False,True,None,None,False
"2023-12-10T07:56:35Z","android",5107,"IN","152.58.35.19","Tu Kahaan - 1 Min Music","OAFF","Tu Kahaan","spotify:track:1CPhllOfBgOtTTDe05tSEw",None,None,None,None,None,None,None,"unknown","endplay",False,True,None,None,False
"2023-12-10T07:56:38Z","android",3218,"IN","152.58.35.19","RAIN","Tony Ann","RAIN","spotify:track:60dBZ8rfQJTD3mzqrYbiKW",None,None,None,None,None,None,None,"unknown","endplay",False,True,None,None,False
"2023-12-10T07:56:43Z","android",4409,"IN","152.58.35.19","The Good, The Bad and The Ugly - Il Buono, Il Brutto, Il Cattivo (Titles)","Ennio Morricone","The Good, The Bad and The Ugly (Original Motion Picture Soundtrack)","spotify:track:2IJJszwGK4NWmh3bNK6CPD",None,None,None,None,None,None,None,"unknown","endplay",False,True,None,None,False
"2023-12-10T07:56:46Z","android",3414,"IN","152.58.35.19","Principles Of Lust: Sadeness / Find Love / Sadeness (Reprise)","Enigma","MCMXC a.D.","spotify:track:6YyqULhTNU7AKaKJKChluQ",None,None,None,None,None,None,None,"unknown","endplay",False,True,None,None,False
"2023-12-10T07:56:47Z","android",720,"IN","152.58.35.19","Empire Reborn (From ""Dark Empire: Devastator of Worlds"" Trailer)","Daniel Ciurlizza","Empire Reborn (From ""Dark Empire: Devastator of Worlds"" Trailer)","spotify:track:6ld880bEoanP64quybne0r",None,None,None,None,None,None,None,"unknown","endplay",False,True,None,None,False
"2023-12-10T07:56:49Z","android",1492,"IN","152.58.35.19","PAISA","Talal Qureshi","PAISA","spotify:track:5vwe8vW5fEJgymhjfol1cu",None,None,None,None,None,None,None,"unknown","endplay",False,True,None,None,False
"2023-12-10T07:56:57Z","android",1888,"IN","152.58.35.19","Millionaire Row","Rick Ross","Millionaire Row","spotify:track:2DAKRccgeZlrPhPfxJwGfk",None,None,None,None,None,None,None,"unknown","endplay",False,True,None,None,False
"2023-12-10T07:56:59Z","android",1614,"IN","152.58.35.19","Sing For The Moment","Eminem","The Eminem Show","spotify:track:3CpoeW0cZSDzIRv5z34F87",None,None,None,None,None,None,None,"unknown","endplay",False,True,None,None,False
"2023-12-10T07:57:00Z","android",1453,"IN","152.58.35.19","The Box","Roddy Ricch","Please Excuse Me for Being Antisocial","spotify:track:0nbXyq5TXYPCO7pr3N8S4I",None,None,None,None,None,None,None,"unknown","endplay",False,True,None,None,False
"2023-12-10T07:57:14Z","android",13427,"IN","152.58.35.19","Sing For The Moment","Eminem","The Eminem Show","spotify:track:3CpoeW0cZSDzIRv5z34F87",None,None,None,None,None,None,None,"unknown","endplay",False,True,None,None,False
"2023-12-10T07:57:21Z","android",957,"IN","152.58.35.19","dream river.","Woodsman","dream river. (Async Ross reworks)","spotify:track:1Gdcsjq1KpDyqaHvnBr7u1",None,None,None,None,None,None,None,"unknown","endplay",False,True,None,None,False
"2023-12-10T07:57:31Z","android",9764,"IN","152.58.35.19","Little Things","Adrián Berenguer","Immaterial","spotify:track:0awKSn8GziBuAXDeHp2Bm8",None,None,None,None,None,None,None,"unknown","endplay",False,True,None,None,False
"2023-12-10T07:57:37Z","android",737,"IN","152.58.35.19","Little Things","Adrián Berenguer","Immaterial","spotify:track:0awKSn8GziBuAXDeHp2Bm8",None,None,None,None,None,None,None,"unknown","endplay",False,True,None,None,False
"2023-12-10T07:58:01Z","android",23640,"IN","152.58.35.19","Heather","Conan Gray","Kid Krow","spotify:track:4xqrdfXkTW4T0RauPLv3WA",None,None,None,None,None,None,None,"unknown","endplay",False,True,None,None,False
"2023-12-10T07:58:03Z","android",1882,"IN","152.58.35.19","Experience (Piano e Violin)","Pietro Scichilone","Experience (Piano e Violin)","spotify:track:1dSyoqb8czlByJbQDluPnx",None,None,None,None,None,None,None,"unknown","endplay",False,True,None,None,False
"2023-12-10T07:58:07Z","android",3649,"IN","152.58.35.19","Saibo - Lofi Flip","VIBIE","Saibo","spotify:track:1E16f7KcZmuXuhlenRwA2m",None,None,None,None,None,None,None,"unknown","endplay",False,True,None,None,False
"2023-12-10T07:58:11Z","android",3372,"IN","152.58.35.19","Someone You Loved","Lewis Capaldi","Divinely Uninspired To A Hellish Extent","spotify:track:7qEHsqek33rTcFNT9PFqLf",None,None,None,None,None,None,None,"unknown","endplay",False,True,None,None,False
"2023-12-10T07:58:13Z","android",2373,"IN","152.58.35.19","The Way of Water","Simon Franglen","Avatar: The Way of Water","spotify:track:223rUKwaZJbNqAAjsOtThI",None,None,None,None,None,None,None,"unknown","endplay",False,True,None,None,False
"2023-12-10T07:58:17Z","android",3398,"IN","152.58.35.19","Howl's Moving Castle - Merry-Go-Round of Life","Vitamin String Quartet","Geek Wedding, Vol. 2: The Sequel","spotify:track:20nMssNxX89e7YMoT0gpFQ",None,None,None,None,None,None,None,"unknown","endplay",False,True,None,None,False
"2023-12-10T07:58:19Z","android",2335,"IN","152.58.35.19","Interstellar - EPIC VERSION","Sebastien Hollich","Interstellar","spotify:track:6yF7gje1LCyA6Q7mcVIrEO",None,None,None,None,None,None,None,"unknown","endplay",False,True,None,None,False
"2023-12-10T07:58:23Z","android",3496,"IN","152.58.35.19","apathy","Øneheart","apathy","spotify:track:6WUgqFZhbNRaeBuzG2ahfJ",None,None,None,None,None,None,None,"unknown","endplay",False,True,None,None,False
"2023-12-10T07:58:29Z","android",6105,"IN","152.58.35.19","Until I Found You - Piano Version","Stephen Sanchez","Until I Found You","spotify:track:06vNG6CiV4k8oNA0wUUAO7",None,None,None,None,None,None,None,"unknown","endplay",False,True,None,None,False
"2023-12-10T07:58:31Z","android",1925,"IN","152.58.35.19","Say You Won't Let Go","James Arthur","Back from the Edge","spotify:track:5uCax9HTNlzGybIStD3vDh",None,None,None,None,None,None,None,"unknown","endplay",False,True,None,None,False
"2023-12-10T07:58:51Z","android",19564,"IN","152.58.35.19","Until I Found You - Piano Version","Stephen Sanchez","Until I Found You","spotify:track:06vNG6CiV4k8oNA0wUUAO7",None,None,None,None,None,None,None,"unknown","endplay",False,True,None,None,False
"2023-12-10T07:58:53Z","android",1497,"IN","152.58.35.19","Say You Won't Let Go","James Arthur","Back from the Edge","spotify:track:5uCax9HTNlzGybIStD3vDh",None,None,None,None,None,None,None,"unknown","endplay",False,True,None,None,False
"2023-12-10T07:58:56Z","android",3385,"IN","152.58.35.19","Get You The Moon (feat. Snøw)","Kina","Get You The Moon (feat. Snøw)","spotify:track:4ZLzoOkj0MPWrTLvooIuaa",None,None,None,None,None,None,None,"unknown","endplay",False,True,None,None,False
"2023-12-10T07:58:59Z","android",2211,"IN","152.58.35.19","Van Gogh","Virginio Aiello","Van Gogh","spotify:track:3vyCWrAIl3VGUHa9dM1Sy2",None,None,None,None,None,None,None,"unknown","endplay",False,True,None,None,False
"2023-12-10T07:59:00Z","android",1385,"IN","152.58.35.19","This Town","Niall Horan","Flicker","spotify:track:0qvzXomUDJVaUboy2wMfiS",None,None,None,None,None,None,None,"unknown","endplay",False,True,None,None,False
"2023-12-10T07:59:08Z","android",2860,"IN","152.58.35.19","Sahara","Hensonn","Sahara","spotify:track:6nqdgUTiWt4JbABDurkxMI",None,None,None,None,None,None,None,"unknown","endplay",False,True,None,None,False
"2023-12-10T07:59:14Z","android",5539,"IN","152.58.35.19","RAVE","Dxrk ダーク","RAVE","spotify:track:01kfSdF9zfcDLri5sSWEoL",None,None,None,None,None,None,None,"unknown","endplay",False,True,None,None,False
"2023-12-10T07:59:20Z","android",5166,"IN","152.58.35.19","Devil Eyes","ZODIVK","Devil Eyes","spotify:track:04cMUwER7r2VwqMCj4kYJ9",None,None,None,None,None,None,None,"unknown","endplay",False,True,None,None,False
"2023-12-10T07:59:22Z","android",2761,"IN","152.58.35.19","Brazilian Phonk Mano","Slowboy","Brazilian Phonk Mano","spotify:track:6fazW2YcCSwJRdkoWls1FB",None,None,None,None,None,None,None,"unknown","endplay",False,True,None,None,False
"2023-12-10T07:59:28Z","android",5782,"IN","152.58.35.19","Orquestra Maldita","TRASHXRL","Orquestra Maldita","spotify:track:5yNcl0KUSPv78Erf26ul5A",None,None,None,None,None,None,None,"unknown","endplay",False,True,None,None,False
"2023-12-10T07:59:30Z","android",1405,"IN","152.58.35.19","Limbo","Freddie Dredd","Freddie's Inferno","spotify:track:37F7E7BKEw2E4O2L7u0IEp",None,None,None,None,None,None,None,"unknown","endplay",False,True,None,None,False
"2023-12-10T07:59:32Z","android",1626,"IN","152.58.35.19","Murder In My Mind - Slowed + Reverb","Kordhell","Murder In My Mind","spotify:track:0HIeI7doCC3xlhlfFxXWMc",None,None,None,None,None,None,None,"unknown","endplay",False,True,None,None,False
"2023-12-10T07:59:34Z","android",1747,"IN","152.58.35.19","Step Back!","1nonly","Step Back!","spotify:track:6jdwbcH788txYS6Doy1F1j",None,None,None,None,None,None,None,"unknown","endplay",False,True,None,None,False
"2023-12-10T07:59:38Z","android",3824,"IN","152.58.35.19","Chase","KSLV Noh","Chase","spotify:track:7C6OeOzOEA0jW8E6uuVgqs",None,None,None,None,None,None,None,"unknown","endplay",False,True,None,None,False
"2023-12-10T07:59:41Z","android",2994,"IN","152.58.35.19","Wasted (Nightcore) [Bass Boosted]","Murkish","Wasted","spotify:track:1CPSRRXGTQVgc1DIRWmLcg",None,None,None,None,None,None,None,"unknown","endplay",False,True,None,None,False
"2023-12-10T07:59:42Z","android",1285,"IN","152.58.35.19","SLAUGHTER HOUSE","Phonkha","SLAUGHTER HOUSE","spotify:track:512GmOfa7bOg5IJcrVHMdy",None,None,None,None,None,None,None,"unknown","endplay",False,True,None,None,False
"2023-12-10T07:59:44Z","android",1170,"IN","152.58.35.19","EMPTY DREAMS","CYPARISS","EMPTY DREAMS","spotify:track:2HhzV3FY4eZGueF0KpXZUo",None,None,None,None,None,None,None,"unknown","endplay",False,True,None,None,False
"2023-12-10T07:59:45Z","android",1521,"IN","152.58.35.19","Move Your Body - RAIZHELL Remix","Öwnboss","Move Your Body","spotify:track:2eXBjkt4NlEI9430egVp1W",None,None,None,None,None,None,None,"unknown","endplay",False,True,None,None,False
"2023-12-10T07:59:47Z","android",1144,"IN","152.58.35.19","Broken Trust","SAY3AM","Broken Trust","spotify:track:5Y4OwloGr9QSxZLZ5DXGte",None,None,None,None,None,None,None,"unknown","endplay",False,True,None,None,False
"2023-12-10T07:59:48Z","android",781,"IN","152.58.35.19","COWBELL GOTH","DRAGONMANE","COWBELL GOTH","spotify:track:0zcvETeNHWNO050bqZAjOs",None,None,None,None,None,None,None,"unknown","endplay",False,True,None,None,False
"2024-01-05T18:17:27Z","android",24563,"IN","43.241.194.15","Ranvijay's Entry Medley (From ""ANIMAL"")","A.R. Rahman","Ranvijay's Entry Medley (From ""ANIMAL"")","spotify:track:6Ee9j3KfgdNTlXcK2XSpH6",None,None,None,None,None,None,None,"unknown","endplay",False,True,None,None,False
"2024-01-05T18:18:03Z","android",761,"IN","43.241.194.15","Ranvijay's Entry Medley (From ""ANIMAL"")","A.R. Rahman","Ranvijay's Entry Medley (From ""ANIMAL"")","spotify:track:6Ee9j3KfgdNTlXcK2XSpH6",None,None,None,None,None,None,None,"unknown","endplay",False,True,None,None,False
"2024-01-05T18:26:58Z","android",5490,"IN","43.241.194.15","Ranvijay's Entry Medley (From ""ANIMAL"")","A.R. Rahman","Ranvijay's Entry Medley (From ""ANIMAL"")","spotify:track:6Ee9j3KfgdNTlXcK2XSpH6",None,None,None,None,None,None,None,"unknown","endplay",False,True,None,None,False
"2024-01-05T18:27:37Z","android",19524,"IN","43.241.194.15","Ranvijay's Entry Medley (From ""ANIMAL"")","A.R. Rahman","Ranvijay's Entry Medley (From ""ANIMAL"")","spotify:track:6Ee9j3KfgdNTlXcK2XSpH6",None,None,None,None,None,None,None,"unknown","endplay",False,True,None,None,False
"2024-01-11T18:07:17Z","android",1224,"IN","43.241.193.204","Iktara (From ""Wake Up Sid"")","Amit Trivedi","I Love You...Forever","spotify:track:0bmp0lE3ArELHqda9PBMVG",None,None,None,None,None,None,None,"unknown","endplay",False,True,None,None,False
"2024-01-11T18:07:19Z","android",1534,"IN","43.241.193.204","Pehle Bhi Main","Vishal Mishra","ANIMAL","spotify:track:7yDHHVKLbvDmVw1XXhDDIO",None,None,None,None,None,None,None,"unknown","endplay",False,True,None,None,False
"2024-01-11T18:07:22Z","android",3073,"IN","43.241.193.204","Satranga (From ""ANIMAL"")","Arijit Singh","Satranga (From ""ANIMAL"")","spotify:track:3yHyiUDJdz02FZ6jfUbsmY",None,None,None,None,None,None,None,"unknown","endplay",False,True,None,None,False
"2024-01-11T18:07:23Z","android",526,"IN","43.241.193.204","Somewhere Only We Know","rhianne","Somewhere Only We Know","spotify:track:50Q02S1ZY0hwbmHTMABuDC",None,None,None,None,None,None,None,"unknown","endplay",False,True,None,None,False
"2024-01-11T18:07:26Z","android",2320,"IN","43.241.193.204","Alag Aasmaan","Anuv Jain","Alag Aasmaan","spotify:track:3bQsp4Vr9Rg4fNCx6HPOgX",None,None,None,None,None,None,None,"unknown","endplay",False,True,None,None,False
"2024-01-11T18:07:32Z","android",6258,"IN","43.241.193.204","Hua Main (From ""ANIMAL"")","Raghav Chaitanya","Hua Main (From ""ANIMAL"")","spotify:track:54PRUdMOYzglMGnsg9kIta",None,None,None,None,None,None,None,"unknown","endplay",False,True,None,None,False
"2024-01-11T18:07:36Z","android",3370,"IN","43.241.193.204","Tu hai kahan","AUR","Tu hai kahan","spotify:track:3zSSCPpLZ5Oc8nelhhGjKz",None,None,None,None,None,None,None,"unknown","endplay",False,True,None,None,False
"2024-01-11T18:07:38Z","android",1509,"IN","43.241.193.204","Baarish","Mohammed Irfan","Yaariyan","spotify:track:6ABHr8kYCws5z6gC9Lwith",None,None,None,None,None,None,None,"unknown","endplay",False,True,None,None,False
"2024-02-06T14:29:43Z","android",1148,"IN","43.241.194.144","Lux Aeterna","Clint Mansell","Requiem for a Dream / OST","spotify:track:62Da3JOu9H9EIgmqV7DoLG",None,None,None,None,None,None,None,"unknown","endplay",False,True,None,None,False
"2024-02-06T14:29:44Z","android",1114,"IN","43.241.194.144","Jacob and the Stone","Emile Mosseri","Minari (Original Motion Picture Soundtrack)","spotify:track:2nltARCkZyrzjQANViDpuX",None,None,None,None,None,None,None,"unknown","endplay",False,True,None,None,False
"2024-02-06T14:29:49Z","android",4064,"IN","43.241.194.144","September Song - Bonus Track","Agnes Obel","Aventine","spotify:track:2EuqgpA1cTC95AQUgCcZHk",None,None,None,None,None,None,None,"unknown","endplay",False,True,None,None,False
"2024-02-06T14:29:50Z","android",1132,"IN","43.241.194.144","A Song of Ice and Fire","Ramin Djawadi","Game Of Thrones: Season 8 (Music from the HBO Series)","spotify:track:1AvLUHxSunGMWWRfEFmWSC",None,None,None,None,None,None,None,"unknown","endplay",False,True,None,None,False
"2024-02-07T15:15:52Z","android",1392,"IN","43.241.194.214","More Than You Know","Axwell /\ Ingrosso","More Than You Know","spotify:track:6h5PAsRni4IRlxWr6uDPTP",None,None,None,None,None,None,None,"unknown","endplay",False,True,None,None,False
"2024-02-07T15:15:53Z","android",639,"IN","43.241.194.214","Intro (Infected)","Sickick","Talksick 3","spotify:track:7a1UiDLvw2yyuRPtANObXb",None,None,None,None,None,None,None,"unknown","endplay",False,True,None,None,False
"2024-02-07T15:15:54Z","android",718,"IN","43.241.194.214","Mortals","Warriyo","Mortals","spotify:track:11uvudmvZBzG2ztQsOB5sF",None,None,None,None,None,None,None,"unknown","endplay",False,True,None,None,False
"2024-02-07T15:15:55Z","android",639,"IN","43.241.194.214","I'm Good (Blue)","David Guetta","I'm Good (Blue)","spotify:track:4uUG5RXrOk84mYEfFvj3cK",None,None,None,None,None,None,None,"unknown","endplay",False,True,None,None,False
"2024-02-07T15:15:57Z","android",1463,"IN","43.241.194.214","Outside (feat. Ellie Goulding)","Calvin Harris","Motion","spotify:track:7MmG8p0F9N3C4AXdK6o6Eb",None,None,None,None,None,None,None,"unknown","endplay",False,True,None,None,False
"2024-02-16T16:44:58Z","android",495,"IN","43.241.193.220","Fission","Ludwig Göransson","Oppenheimer (Original Motion Picture Soundtrack)","spotify:track:0h4LfHZuXNNYUMgkuCQRmy",None,None,None,None,None,None,None,"unknown","endplay",False,True,None,None,False
"2024-02-16T16:45:00Z","android",930,"IN","43.241.193.220","Can You Hear The Music","Ludwig Göransson","Oppenheimer (Original Motion Picture Soundtrack)","spotify:track:4VnDmjYCZkyeqeb0NIKqdA",None,None,None,None,None,None,None,"unknown","endplay",False,True,None,None,False
"2024-02-16T16:45:01Z","android",863,"IN","43.241.193.220","A Lowly Shoe Salesman","Ludwig Göransson","Oppenheimer (Original Motion Picture Soundtrack)","spotify:track:7nYZlOq4JtGeF9fs8Zs66j",None,None,None,None,None,None,None,"unknown","endplay",False,True,None,None,False
"2024-02-16T16:45:02Z","android",661,"IN","43.241.193.220","Quantum Mechanics","Ludwig Göransson","Oppenheimer (Original Motion Picture Soundtrack)","spotify:track:09I8yYd9egMHOLDRFenYrV",None,None,None,None,None,None,None,"unknown","endplay",False,True,None,None,False
"2024-02-16T16:45:03Z","android",788,"IN","43.241.193.220","Gravity Swallows Light","Ludwig Göransson","Oppenheimer (Original Motion Picture Soundtrack)","spotify:track:1IoNr0Udmb8TleZsJ92Zid",None,None,None,None,None,None,None,"unknown","endplay",False,True,None,None,False
"2024-02-16T16:45:04Z","android",790,"IN","43.241.193.220","Meeting Kitty","Ludwig Göransson","Oppenheimer (Original Motion Picture Soundtrack)","spotify:track:6iOuLRFr7G2bvUSOtYx4jw",None,None,None,None,None,None,None,"unknown","endplay",False,True,None,None,False
"2024-02-16T16:45:10Z","android",4859,"IN","43.241.193.220","Gravity Swallows Light","Ludwig Göransson","Oppenheimer (Original Motion Picture Soundtrack)","spotify:track:1IoNr0Udmb8TleZsJ92Zid",None,None,None,None,None,None,None,"unknown","endplay",False,True,None,None,False
"2024-02-16T16:45:11Z","android",1008,"IN","43.241.193.220","Groves","Ludwig Göransson","Oppenheimer (Original Motion Picture Soundtrack)","spotify:track:1hAiPMWwuIqPDPu6UzFXMe",None,None,None,None,None,None,None,"unknown","endplay",False,True,None,None,False
"2024-02-16T16:45:12Z","android",738,"IN","43.241.193.220","Manhattan Project","Ludwig Göransson","Oppenheimer (Original Motion Picture Soundtrack)","spotify:track:4yX2SVMLL3MV9kIYqS8B76",None,None,None,None,None,None,None,"unknown","endplay",False,True,None,None,False
"2024-02-16T16:45:14Z","android",848,"IN","43.241.193.220","American Prometheus","Ludwig Göransson","Oppenheimer (Original Motion Picture Soundtrack)","spotify:track:2nBqwc3h3psFgPF1J0v24T",None,None,None,None,None,None,None,"unknown","endplay",False,True,None,None,False
"2024-02-16T16:45:20Z","android",5859,"IN","43.241.193.220","Atmospheric Ignition","Ludwig Göransson","Oppenheimer (Original Motion Picture Soundtrack)","spotify:track:7vUB7kOvxR9UyL2XOPFo0v",None,None,None,None,None,None,None,"unknown","endplay",False,True,None,None,False
"2024-02-16T16:45:21Z","android",876,"IN","43.241.193.220","Los Alamos","Ludwig Göransson","Oppenheimer (Original Motion Picture Soundtrack)","spotify:track:3JbVKGhp0WXqO3DK8Xeg0n",None,None,None,None,None,None,None,"unknown","endplay",False,True,None,None,False
"2024-02-16T16:45:22Z","android",752,"IN","43.241.193.220","Fusion","Ludwig Göransson","Oppenheimer (Original Motion Picture Soundtrack)","spotify:track:4YuGwi0qTFEnv27opGD5ZG",None,None,None,None,None,None,None,"unknown","endplay",False,True,None,None,False
"2024-02-16T16:45:23Z","android",810,"IN","43.241.193.220","Colonel Pash","Ludwig Göransson","Oppenheimer (Original Motion Picture Soundtrack)","spotify:track:2C25qDOGDGlrqbbGPYCl4x",None,None,None,None,None,None,None,"unknown","endplay",False,True,None,None,False
"2024-02-16T16:45:25Z","android",18,"IN","43.241.193.220","Ground Zero","Ludwig Göransson","Oppenheimer (Original Motion Picture Soundtrack)","spotify:track:11Dk6JUxgxD9lr8d0uPcVL",None,None,None,None,None,None,None,"unknown","endplay",False,True,None,None,False
"2024-02-16T16:45:25Z","android",751,"IN","43.241.193.220","Theorists","Ludwig Göransson","Oppenheimer (Original Motion Picture Soundtrack)","spotify:track:0fhfQTFLs1nKdWJM9GzfMa",None,None,None,None,None,None,None,"unknown","endplay",False,True,None,None,False
"2024-02-16T16:45:30Z","android",4953,"IN","43.241.193.220","Theorists","Ludwig Göransson","Oppenheimer (Original Motion Picture Soundtrack)","spotify:track:0fhfQTFLs1nKdWJM9GzfMa",None,None,None,None,None,None,None,"unknown","endplay",False,True,None,None,False
"2024-02-16T16:45:32Z","android",784,"IN","43.241.193.220","Ground Zero","Ludwig Göransson","Oppenheimer (Original Motion Picture Soundtrack)","spotify:track:11Dk6JUxgxD9lr8d0uPcVL",None,None,None,None,None,None,None,"unknown","endplay",False,True,None,None,False
"2024-02-16T16:45:33Z","android",914,"IN","43.241.193.220","Trinity","Ludwig Göransson","Oppenheimer (Original Motion Picture Soundtrack)","spotify:track:0U19E71w5rrYTwnqOTVKrp",None,None,None,None,None,None,None,"unknown","endplay",False,True,None,None,False
"2024-02-16T16:45:35Z","android",959,"IN","43.241.193.220","What We Have Done","Ludwig Göransson","Oppenheimer (Original Motion Picture Soundtrack)","spotify:track:4iQ78rlMCSaWWu6N8PXCb8",None,None,None,None,None,None,None,"unknown","endplay",False,True,None,None,False
"2024-02-16T16:45:37Z","android",1837,"IN","43.241.193.220","Power Stays In The Shadows","Ludwig Göransson","Oppenheimer (Original Motion Picture Soundtrack)","spotify:track:7qm6j7mhZKsv3RGanY4b7Z",None,None,None,None,None,None,None,"unknown","endplay",False,True,None,None,False
"2024-02-16T16:45:38Z","android",542,"IN","43.241.193.220","The Trial","Ludwig Göransson","Oppenheimer (Original Motion Picture Soundtrack)","spotify:track:5pBRL3nevpdxv3wbc5lRcx",None,None,None,None,None,None,None,"unknown","endplay",False,True,None,None,False
"2024-02-16T16:45:45Z","android",6926,"IN","43.241.193.220","Power Stays In The Shadows","Ludwig Göransson","Oppenheimer (Original Motion Picture Soundtrack)","spotify:track:7qm6j7mhZKsv3RGanY4b7Z",None,None,None,None,None,None,None,"unknown","endplay",False,True,None,None,False
"2024-02-16T16:45:46Z","android",759,"IN","43.241.193.220","The Trial","Ludwig Göransson","Oppenheimer (Original Motion Picture Soundtrack)","spotify:track:5pBRL3nevpdxv3wbc5lRcx",None,None,None,None,None,None,None,"unknown","endplay",False,True,None,None,False
"2024-02-16T16:45:47Z","android",641,"IN","43.241.193.220","Dr. Hill","Ludwig Göransson","Oppenheimer (Original Motion Picture Soundtrack)","spotify:track:5ZapQiC0BA0SVs4RR9vSST",None,None,None,None,None,None,None,"unknown","endplay",False,True,None,None,False
"2024-02-16T16:45:48Z","android",639,"IN","43.241.193.220","Kitty Comes To Testify","Ludwig Göransson","Oppenheimer (Original Motion Picture Soundtrack)","spotify:track:1nK1EbZNymcKExc01JavKR",None,None,None,None,None,None,None,"unknown","endplay",False,True,None,None,False
"2024-02-16T16:45:49Z","android",763,"IN","43.241.193.220","Something More Important","Ludwig Göransson","Oppenheimer (Original Motion Picture Soundtrack)","spotify:track:74swl9fzUVt9Lw7FSrnKoP",None,None,None,None,None,None,None,"unknown","endplay",False,True,None,None,False
"2024-02-16T16:45:51Z","android",806,"IN","43.241.193.220","Destroyer Of Worlds","Ludwig Göransson","Oppenheimer (Original Motion Picture Soundtrack)","spotify:track:3NQtYTbGk64fHf8ZIppj69",None,None,None,None,None,None,None,"unknown","endplay",False,True,None,None,False
"2024-02-16T16:45:52Z","android",672,"IN","43.241.193.220","Oppenheimer","Ludwig Göransson","Oppenheimer (Original Motion Picture Soundtrack)","spotify:track:6oJFUjqz8yKCBDunPRMQBX",None,None,None,None,None,None,None,"unknown","endplay",False,True,None,None,False
"2024-03-01T13:29:30Z","android",0,"IN","43.241.193.135","Exit Music (For A Film)","Radiohead","OK Computer","spotify:track:0z1o5L7HJx562xZSATcIpY",None,None,None,None,None,None,None,"unknown","endplay",False,True,None,None,False
"2024-03-01T13:29:51Z","android",0,"IN","43.241.193.135","Exit Music (For A Film)","Radiohead","OK Computer","spotify:track:0z1o5L7HJx562xZSATcIpY",None,None,None,None,None,None,None,"unknown","endplay",False,True,None,None,False
"2024-03-01T13:29:52Z","android",0,"IN","43.241.193.135","9mm","Memphis Cult","Memphis Cult Vol. 6","spotify:track:3K5KXm1uZjiyQk0J7op1xf",None,None,None,None,None,None,None,"unknown","endplay",False,True,None,None,False
"2024-03-01T13:29:53Z","android",0,"IN","43.241.193.135","Satranga (From ""ANIMAL"")","Arijit Singh","Satranga (From ""ANIMAL"")","spotify:track:3yHyiUDJdz02FZ6jfUbsmY",None,None,None,None,None,None,None,"unknown","endplay",False,True,None,None,False
"2024-03-01T13:29:54Z","android",0,"IN","43.241.193.135","Tera Ban Jaunga","Akhil Sachdeva","Kabir Singh","spotify:track:3oWxFNsXstcancCR1wODR4",None,None,None,None,None,None,None,"unknown","endplay",False,True,None,None,False
"2024-03-01T13:29:54Z","android",0,"IN","43.241.193.135","Ve Haaniyaan","Danny","Ve Haaniyaan","spotify:track:2C6CJGFLbisteRuY6Plb7b",None,None,None,None,None,None,None,"unknown","endplay",False,True,None,None,False
"2024-03-01T13:29:55Z","android",0,"IN","43.241.193.135","Raataan Lambiyan (From ""Shershaah"")","Tanishk Bagchi","Raataan Lambiyan","spotify:track:2rOnSn2piaqLAlYjtfUBlY",None,None,None,None,None,None,None,"unknown","endplay",False,True,None,None,False
"2024-03-01T13:29:55Z","android",0,"IN","43.241.193.135","Enjoy The Silence","Ki:Theory","Silence","spotify:track:6j2MelZDTBTyt89Kl7FpsF",None,None,None,None,None,None,None,"unknown","endplay",False,True,None,None,False
"2024-03-01T13:29:56Z","android",0,"IN","43.241.193.135","Tujhe Kitna Chahne Lage","Arijit Singh","Kabir Singh","spotify:track:5QtEFRYavs5S3GHtFEq7A4",None,None,None,None,None,None,None,"unknown","endplay",False,True,None,None,False
"2024-03-01T13:29:56Z","android",0,"IN","43.241.193.135","Tu Jaane Na","Atif Aslam","Ajab Prem Ki Ghazab Kahani - Original Motion Picture Soundtrack","spotify:track:4iFPsNzNV7V9KJgcOX7TEO",None,None,None,None,None,None,None,"unknown","endplay",False,True,None,None,False
"2024-03-01T13:29:57Z","android",0,"IN","43.241.193.135","Tedhe Chaalak","MC SQUARE","Tedhe Chaalak","spotify:track:5EXNgdixf4572ATdvnSdXL",None,None,None,None,None,None,None,"unknown","endplay",False,True,None,None,False
"2024-03-01T13:29:59Z","android",0,"IN","43.241.193.135","Tu hai kahan (feat. ZAYN)","AUR","Tu hai kahan (feat. ZAYN)","spotify:track:7K6RLbkpqZI4OaoSnLcBiU",None,None,None,None,None,None,None,"unknown","endplay",False,True,None,None,False
"2024-03-01T13:29:59Z","android",0,"IN","43.241.193.135","Farq hai","Suzonn","Farq hai","spotify:track:6MZyrnqwsLnrWY5Gk0AyXg",None,None,None,None,None,None,None,"unknown","endplay",False,True,None,None,False
"2024-03-01T13:29:59Z","android",0,"IN","43.241.193.135","Pehle Bhi Main","Vishal Mishra","ANIMAL","spotify:track:7yDHHVKLbvDmVw1XXhDDIO",None,None,None,None,None,None,None,"unknown","endplay",False,True,None,None,False
"2024-03-01T13:30:00Z","android",0,"IN","43.241.193.135","Jaadu","Faisal Kapadia","Zindagi Jahaan Le Jaaye","spotify:track:0h6uNQc9FcSOsjzPuCA6p5",None,None,None,None,None,None,None,"unknown","endplay",False,True,None,None,False
"2024-03-01T13:30:01Z","android",0,"IN","43.241.193.135","Akhiyaan Milaoon Kabhi","Alka Yagnik","Raja - Original Motion Picture Soundtrack","spotify:track:735WeIIQYRfmtEdMmOgDY1",None,None,None,None,None,None,None,"unknown","endplay",False,True,None,None,False
"2024-03-01T13:30:01Z","android",0,"IN","43.241.193.135","Doobey","OAFF","Gehraiyaan","spotify:track:7k6QR9YHyW258yVN6FHO1T",None,None,None,None,None,None,None,"unknown","endplay",False,True,None,None,False
"2024-03-01T13:30:01Z","android",0,"IN","43.241.193.135","Tu hai kahan","AUR","Tu hai kahan","spotify:track:3zSSCPpLZ5Oc8nelhhGjKz",None,None,None,None,None,None,None,"unknown","endplay",False,True,None,None,False
"2024-03-01T13:30:02Z","android",0,"IN","43.241.193.135","Mere Naam Tu (From ""Zero"")","Abhay Jodhpurkar","Mere Naam Tu (From ""Zero"")","spotify:track:5H3z9m3njodfExlWBeaFg7",None,None,None,None,None,None,None,"unknown","endplay",False,True,None,None,False
"2024-03-01T13:30:02Z","android",0,"IN","43.241.193.135","Doobey","OAFF","Gehraiyaan","spotify:track:7k6QR9YHyW258yVN6FHO1T",None,None,None,None,None,None,None,"unknown","endplay",False,True,None,None,False
"2024-03-01T13:30:02Z","android",0,"IN","43.241.193.135","Mere Naam Tu (From ""Zero"")","Abhay Jodhpurkar","Mere Naam Tu (From ""Zero"")","spotify:track:5H3z9m3njodfExlWBeaFg7",None,None,None,None,None,None,None,"unknown","endplay",False,True,None,None,False
"2024-03-01T13:30:04Z","android",0,"IN","43.241.193.135","Doobey","OAFF","Gehraiyaan","spotify:track:7k6QR9YHyW258yVN6FHO1T",None,None,None,None,None,None,None,"unknown","endplay",False,True,None,None,False
"2024-03-01T13:30:06Z","android",0,"IN","43.241.193.135","Tu hai kahan","AUR","Tu hai kahan","spotify:track:3zSSCPpLZ5Oc8nelhhGjKz",None,None,None,None,None,None,None,"unknown","endplay",False,True,None,None,False
"2024-03-01T13:30:07Z","android",0,"IN","43.241.193.135","Pehle Bhi Main","Vishal Mishra","ANIMAL","spotify:track:7yDHHVKLbvDmVw1XXhDDIO",None,None,None,None,None,None,None,"unknown","endplay",False,True,None,None,False
"2024-04-11T17:14:02Z","android",3695,"IN","152.58.63.66","The Curse","Agnes Obel","Aventine","spotify:track:7hiY7fVxa0LEUeUP4F4ReR",None,None,None,None,None,None,None,"unknown","endplay",False,True,None,None,False
"2024-04-11T17:14:08Z","android",5800,"IN","152.58.63.66","Familiar","Agnes Obel","Citizen of Glass","spotify:track:2EWnKuspetOzgfBtmaNZvJ",None,None,None,None,None,None,None,"unknown","endplay",False,True,None,None,False
"2024-04-11T17:14:18Z","android",8656,"IN","152.58.63.66","Fuel to Fire","Agnes Obel","Aventine","spotify:track:3fHDbOrSf2IQhLeKaShLS4",None,None,None,None,None,None,None,"unknown","endplay",False,True,None,None,False
"2024-04-11T17:14:23Z","android",4933,"IN","152.58.63.66","Aventine","Agnes Obel","Aventine","spotify:track:7q6I7Ck8dRSr5oh0dEMhny",None,None,None,None,None,None,None,"unknown","endplay",False,True,None,None,False
"2024-04-11T17:14:29Z","android",5077,"IN","152.58.63.66","Dorian","Agnes Obel","Aventine","spotify:track:0ZilhIkx5dOgRSi7GdnKqp",None,None,None,None,None,None,None,"unknown","endplay",False,True,None,None,False
"2024-04-11T17:14:39Z","android",10052,"IN","152.58.63.66","Broken Sleep","Agnes Obel","Myopia","spotify:track:6ilOjlJMBMSAWolY3xHZ1i",None,None,None,None,None,None,None,"unknown","endplay",False,True,None,None,False
"2024-04-11T17:14:47Z","android",7177,"IN","152.58.63.66","It's Happening Again","Agnes Obel","Citizen of Glass","spotify:track:5uE0ggArLjnpwVPEXc36Hx",None,None,None,None,None,None,None,"unknown","endplay",False,True,None,None,False
"2024-04-11T17:14:51Z","android",3952,"IN","152.58.63.66","Fear of the Water","SYML","Hurt for Me","spotify:track:3jVniYVNCrwQvvWJpReosr",None,None,None,None,None,None,None,"unknown","endplay",False,True,None,None,False
"2024-04-11T17:15:04Z","android",12105,"IN","152.58.63.66","The Labyrinth Song","Asaf Avidan","Gold Shadow","spotify:track:5VjUK60aNfdNkXxi5JLHDq",None,None,None,None,None,None,None,"unknown","endplay",False,True,None,None,False
"2024-04-11T17:15:06Z","android",1764,"IN","152.58.63.66","September Song - Bonus Track","Agnes Obel","Aventine","spotify:track:2EuqgpA1cTC95AQUgCcZHk",None,None,None,None,None,None,None,"unknown","endplay",False,True,None,None,False
"2024-04-11T17:15:09Z","android",2235,"IN","152.58.63.66","Parliament Of Owls","Agnes Obel","Myopia","spotify:track:3NoTSP54RBUKGE0CK0wLis",None,None,None,None,None,None,None,"unknown","endplay",False,True,None,None,False
"2024-04-11T17:15:21Z","android",11574,"IN","152.58.63.66","Running With The Wolves","AURORA","All My Demons Greeting Me As A Friend - Deluxe","spotify:track:6r6n5OmXkdsOxN2iCj5UE0",None,None,None,None,None,None,None,"unknown","endplay",False,True,None,None,False
"2024-04-11T17:15:23Z","android",1808,"IN","152.58.63.66","Truth","Alex Ebert","Alexander","spotify:track:4bfJiyUSD9ASLnujxn0lG3",None,None,None,None,None,None,None,"unknown","endplay",False,True,None,None,False
"2024-04-11T17:19:07Z","android",801,"IN","152.58.63.66","Truth","Alex Ebert","Alexander","spotify:track:4bfJiyUSD9ASLnujxn0lG3",None,None,None,None,None,None,None,"unknown","endplay",False,True,None,None,False
"2024-04-14T05:36:46Z","android",0,"IN","43.241.194.71","Everybody Wants To Rule The World","Tears For Fears","Songs From The Big Chair","spotify:track:4RvWPyQ5RL0ao9LPZeSouE",None,None,None,None,None,None,None,"unknown","endplay",False,True,None,None,False
"2024-04-14T05:36:47Z","android",0,"IN","43.241.194.71","Mr. Sandman","SYML","Mr. Sandman","spotify:track:6sPpUfwcYBgW3kTXStNsVM",None,None,None,None,None,None,None,"unknown","endplay",False,True,None,None,False
"2024-04-16T10:26:47Z","android",12659,"IN","43.241.193.235","Love Me Again","John Newman","Tribute","spotify:track:5VSCgNlSmTV2Yq5lB40Eaw",None,None,None,None,None,None,None,"unknown","endplay",False,True,None,None,False
"2024-04-16T10:26:51Z","android",4293,"IN","43.241.193.235","Reality (feat. Janieck Devy) - Radio Edit","Lost Frequencies","Less Is More","spotify:track:0cOBMETjhxublnnwhbnzJO",None,None,None,None,None,None,None,"unknown","endplay",False,True,None,None,False
"2024-04-16T10:26:53Z","android",894,"IN","43.241.193.235","No Time for Caution","Hans Zimmer","Interstellar (Original Motion Picture Soundtrack)","spotify:track:1W6LZGinxm6voDaC8NVnDU",None,None,None,None,None,None,None,"unknown","endplay",False,True,None,None,False
"2024-04-16T10:26:57Z","android",4117,"IN","43.241.193.235","Saibo","Sachin-Jigar","Shor in the City (Original Motion Picture Soundtrack)","spotify:track:6udC4b4jOSnHb9ItnXgKLR",None,None,None,None,None,None,None,"unknown","endplay",False,True,None,None,False
"2024-04-16T10:27:02Z","android",3899,"IN","43.241.193.235","Team","Lorde","Pure Heroine","spotify:track:15jRg8Ejs7X3JEHw38TSN3",None,None,None,None,None,None,None,"unknown","endplay",False,True,None,None,False
"2024-04-16T10:27:07Z","android",4773,"IN","43.241.193.235","Stressed Out","Twenty One Pilots","Blurryface","spotify:track:3CRDbSIZ4r5MsZ0YwxuEkn",None,None,None,None,None,None,None,"unknown","endplay",False,True,None,None,False
"2024-04-16T10:27:10Z","android",2857,"IN","43.241.193.235","Magic","Coldplay","Ghost Stories","spotify:track:23khhseCLQqVMCIT1WMAns",None,None,None,None,None,None,None,"unknown","endplay",False,True,None,None,False
"2024-04-16T10:27:21Z","android",10050,"IN","43.241.193.235","Kaala Rey","Sneha Khanwalkar","Gangs Of Wasseypur - 2","spotify:track:780zqvhD7SvK0sMGheplPf",None,None,None,None,None,None,None,"unknown","endplay",False,True,None,None,False
"2024-04-16T10:27:27Z","android",5728,"IN","43.241.193.235","Me and the Devil","Soap&Skin","Sugarbread","spotify:track:0wrWxW18WK2MkrfDpRHkyh",None,None,None,None,None,None,None,"unknown","endplay",False,True,None,None,False
"2024-04-16T10:27:29Z","android",1399,"IN","43.241.193.235","Stronger (What Doesn't Kill You)","Kelly Clarkson","Stronger (Deluxe Version)","spotify:track:1nInOsHbtotAmEOQhtvnzP",None,None,None,None,None,None,None,"unknown","endplay",False,True,None,None,False
"2024-04-16T10:27:35Z","android",5111,"IN","43.241.193.235","Blame (feat. John Newman)","Calvin Harris","Motion","spotify:track:07nH4ifBxUB4lZcsf44Brn",None,None,None,None,None,None,None,"unknown","endplay",False,True,None,None,False
"2024-04-16T10:27:36Z","android",987,"IN","43.241.193.235","Love Me Like You Do","Ellie Goulding","Fifty Shades Freed - Original Motion Picture Soundtrack","spotify:track:0Cy7wt6IlRfBPHXXjmZbcP",None,None,None,None,None,None,None,"unknown","endplay",False,True,None,None,False
"2024-04-16T10:27:42Z","android",5715,"IN","43.241.193.235","Why'd You Only Call Me When You're High?","Arctic Monkeys","AM","spotify:track:48q0vSHcJdhK3IiXH8C5WJ",None,None,None,None,None,None,None,"unknown","endplay",False,True,None,None,False
"2024-04-16T10:27:45Z","android",2743,"IN","43.241.193.235","Wild Ones (feat. Sia)","Flo Rida","Wild Ones","spotify:track:1NpW5kyvO4XrNJ3rnfcNy3",None,None,None,None,None,None,None,"unknown","endplay",False,True,None,None,False
"2024-04-16T10:27:48Z","android",2536,"IN","43.241.193.235","Chandelier","Sia","1000 Forms Of Fear","spotify:track:4VrWlk8IQxevMvERoX08iC",None,None,None,None,None,None,None,"unknown","endplay",False,True,None,None,False
"2024-04-16T10:27:49Z","android",584,"IN","43.241.193.235","Here","Alessia Cara","Know-It-All","spotify:track:1wYZZtamWTQAoj8B812uKQ",None,None,None,None,None,None,None,"unknown","endplay",False,True,None,None,False
"2024-04-16T10:27:51Z","android",1627,"IN","43.241.193.235","Say Something","A Great Big World","Is There Anybody Out There? - Track by Track Commentary","spotify:track:5TvE3pk05pyFIGdSY9j4DJ",None,None,None,None,None,None,None,"unknown","endplay",False,True,None,None,False
"2024-04-16T10:27:53Z","android",887,"IN","43.241.193.235","Diet Mountain Dew","Lana Del Rey","Born To Die","spotify:track:48SdtsEKujibZPrd6UMfAr",None,None,None,None,None,None,None,"unknown","endplay",False,True,None,None,False
"2024-04-16T10:27:58Z","android",5305,"IN","43.241.193.235","So High","Doja Cat","So High","spotify:track:2qyhy9ndo8tTGMzXeHTisR",None,None,None,None,None,None,None,"unknown","endplay",False,True,None,None,False
"2024-04-16T10:28:01Z","android",2243,"IN","43.241.193.235","Castle","Halsey","BADLANDS","spotify:track:16w8ZGVSjI4TlTLV8VimBY",None,None,None,None,None,None,None,"unknown","endplay",False,True,None,None,False
"2024-04-16T10:28:03Z","android",1952,"IN","43.241.193.235","Flight","Hans Zimmer","Man Of Steel","spotify:track:05Z2JqKejuY1msOLPl6nZa",None,None,None,None,None,None,None,"unknown","endplay",False,True,None,None,False
"2024-04-16T10:28:12Z","android",8214,"IN","43.241.193.235","Teenage Dream","Katy Perry","Teenage Dream","spotify:track:5jzKL4BDMClWqRguW5qZvh",None,None,None,None,None,None,None,"unknown","endplay",False,True,None,None,False
"2024-04-16T10:28:16Z","android",1822,"IN","43.241.193.235","Teenage Dream","Katy Perry","Teenage Dream","spotify:track:5jzKL4BDMClWqRguW5qZvh",None,None,None,None,None,None,None,"unknown","endplay",False,True,None,None,False
"2024-04-16T10:28:18Z","android",1495,"IN","43.241.193.235","Problem","Ariana Grande","My Everything","spotify:track:7E8edqa0m0ASLXkLfmWY03",None,None,None,None,None,None,None,"unknown","endplay",False,True,None,None,False
"2024-04-16T10:28:20Z","android",2202,"IN","43.241.193.235","Love Yourself","Justin Bieber","Purpose","spotify:track:50kpGaPAhYJ3sGmk6vplg0",None,None,None,None,None,None,None,"unknown","endplay",False,True,None,None,False
"2024-04-16T10:28:23Z","android",2493,"IN","43.241.193.235","Mirrors","Justin Timberlake","The 20/20 Experience (Deluxe Version)","spotify:track:4rHZZAmHpZrA3iH5zx8frV",None,None,None,None,None,None,None,"unknown","endplay",False,True,None,None,False
"2024-04-16T10:28:27Z","android",3649,"IN","43.241.193.235","Girl on Fire","Alicia Keys","Girl on Fire (Remixes) - EP","spotify:track:4esOae7i4rqTbAu9o5Pxco",None,None,None,None,None,None,None,"unknown","endplay",False,True,None,None,False
"2024-04-16T10:28:29Z","android",1240,"IN","43.241.193.235","Cornfield Chase","Hans Zimmer","Interstellar (Original Motion Picture Soundtrack)","spotify:track:3PrLXpTfUdi9iE1PA82sS3",None,None,None,None,None,None,None,"unknown","endplay",False,True,None,None,False
"2024-04-16T10:28:35Z","android",5342,"IN","43.241.193.235","Blow Your Mind (Mwah)","Dua Lipa","Dua Lipa","spotify:track:2eAAEa8pxKF7My0EO4rFgR",None,None,None,None,None,None,None,"unknown","endplay",False,True,None,None,False
"2024-04-16T10:28:40Z","android",4367,"IN","43.241.193.235","Afraid","The Neighbourhood","I Love You.","spotify:track:7brQHA2CgQpcMBiOlfiXYb",None,None,None,None,None,None,None,"unknown","endplay",False,True,None,None,False
"2024-04-16T10:28:43Z","android",2988,"IN","43.241.193.235","Run Boy Run","Woodkid","The Golden Age","spotify:track:0boS4e6uXwp3zAvz1mLxZS",None,None,None,None,None,None,None,"unknown","endplay",False,True,None,None,False
"2024-04-16T10:28:44Z","android",842,"IN","43.241.193.235","Stay With Me","Sam Smith","In The Lonely Hour - Japanese Edition","spotify:track:7876ppTxozBmoZ2EZZqV1i",None,None,None,None,None,None,None,"unknown","endplay",False,True,None,None,False
"2024-04-16T10:28:45Z","android",797,"IN","43.241.193.235","Pacify Her","Melanie Martinez","Cry Baby","spotify:track:360Wr96ywrCQq4kTAJ8Pq6",None,None,None,None,None,None,None,"unknown","endplay",False,True,None,None,False
"2024-04-16T10:28:47Z","android",1008,"IN","43.241.193.235","Time","Hans Zimmer","Inception","spotify:track:6ZFbXIJkuI1dVNWvzJzown",None,None,None,None,None,None,None,"unknown","endplay",False,True,None,None,False
"2024-04-16T10:28:48Z","android",984,"IN","43.241.193.235","Riptide","Vance Joy","Dream Your Life Away","spotify:track:7yq4Qj7cqayVTp3FF9CWbm",None,None,None,None,None,None,None,"unknown","endplay",False,True,None,None,False
"2024-04-16T10:28:50Z","android",897,"IN","43.241.193.235","Animals","Maroon 5","V","spotify:track:2bL2gyO6kBdLkNSkxXNh6x",None,None,None,None,None,None,None,"unknown","endplay",False,True,None,None,False
"2024-04-16T10:28:58Z","android",8300,"IN","43.241.193.235","Cake By The Ocean","DNCE","DNCE","spotify:track:76hfruVvmfQbw0eYn1nmeC",None,None,None,None,None,None,None,"unknown","endplay",False,True,None,None,False
"2024-04-16T10:29:00Z","android",890,"IN","43.241.193.235","Starships","Nicki Minaj","Pink Friday ... Roman Reloaded","spotify:track:1oHNvJVbFkexQc0BpQp7Y4",None,None,None,None,None,None,None,"unknown","endplay",False,True,None,None,False
"2024-04-16T10:29:02Z","android",1530,"IN","43.241.193.235","Summer","Calvin Harris","Motion","spotify:track:6YUTL4dYpB9xZO5qExPf05",None,None,None,None,None,None,None,"unknown","endplay",False,True,None,None,False
"2024-04-16T10:29:03Z","android",918,"IN","43.241.193.235","FRIENDS","Marshmello","FRIENDS","spotify:track:08bNPGLD8AhKpnnERrAc6G",None,None,None,None,None,None,None,"unknown","endplay",False,True,None,None,False
"2024-04-16T10:29:05Z","android",1111,"IN","43.241.193.235","It's Time","Imagine Dragons","Night Visions","spotify:track:6BtmXhTJMM9sBTHeYYASGz",None,None,None,None,None,None,None,"unknown","endplay",False,True,None,None,False
"2024-04-16T10:29:06Z","android",613,"IN","43.241.193.235","Cups (Pitch Perfect’s “When I’m Gone”) - Pop Version","Anna Kendrick","Cups (Pitch Perfect’s “When I’m Gone”)","spotify:track:2sCl0FFOzZSmYZs90zOpd1",None,None,None,None,None,None,None,"unknown","endplay",False,True,None,None,False
"2024-04-16T10:29:07Z","android",850,"IN","43.241.193.235","Medicine","Daughter","The Wild Youth EP","spotify:track:5Zz8mrmVVhOq3iuv8Gh0MX",None,None,None,None,None,None,None,"unknown","endplay",False,True,None,None,False
"2024-04-16T10:29:09Z","android",1475,"IN","43.241.193.235","Mast Magan (From ""2 States"")","Arijit Singh","Groove With Arijit Singh","spotify:track:4wIWWEhbdgKAxhR68eE0Ye",None,None,None,None,None,None,None,"unknown","endplay",False,True,None,None,False
"2024-04-16T10:29:12Z","android",2456,"IN","43.241.193.235","Pumped Up Kicks","Foster The People","Torches","spotify:track:7w87IxuO7BDcJ3YUqCyMTT",None,None,None,None,None,None,None,"unknown","endplay",False,True,None,None,False
"2024-04-16T10:29:14Z","android",1620,"IN","43.241.193.235","Maston Ka Jhund","Shankar-Ehsaan-Loy","Bhaag Milkha Bhaag (Original Motion Picture Soundtrack)","spotify:track:3lSa2IIHfPmusFdvxFh9yE",None,None,None,None,None,None,None,"unknown","endplay",False,True,None,None,False
"2024-04-16T10:29:15Z","android",860,"IN","43.241.193.235","Demons","Imagine Dragons","Night Visions","spotify:track:3LlAyCYU26dvFZBDUIMb7a",None,None,None,None,None,None,None,"unknown","endplay",False,True,None,None,False
"2024-05-28T10:57:49Z","android",0,"IN","43.241.193.33","Uff Teri Adaa","Shankar Mahadevan","Karthik Calling Karthik","spotify:track:0og9wKFGgFFNQnrBe7eisG",None,None,None,None,None,None,None,"unknown","endplay",False,True,None,None,False
"2024-05-28T10:57:49Z","android",10,"IN","43.241.193.33","Unstoppable","Sia","This Is Acting","spotify:track:2J2Z1SkXYghSajLibnQHOa",None,None,None,None,None,None,None,"unknown","endplay",False,True,None,None,False
"2024-05-28T10:57:50Z","android",50,"IN","43.241.193.33","Everything In Its Right Place","Radiohead","Kid A","spotify:track:2kRFrWaLWiKq48YYVdGcm8",None,None,None,None,None,None,None,"unknown","endplay",False,True,None,None,False
"2024-05-28T10:57:51Z","android",0,"IN","43.241.193.33","Formula","Labrinth","Euphoria (Original Score from the HBO Series)","spotify:track:6EtKlIQmGPB9SX8UjDJG5s",None,None,None,None,None,None,None,"unknown","endplay",False,True,None,None,False
"2024-05-28T10:57:52Z","android",0,"IN","43.241.193.33","Ajmer Aao Chalein","Hashim Sabri","Ajmer Aao Chalein","spotify:track:185gQuLQWYnfRCHCuw11pR",None,None,None,None,None,None,None,"unknown","endplay",False,True,None,None,False
"2024-05-28T10:57:52Z","android",0,"IN","43.241.193.33","Tere Pyaar Mein","Pritam","Tere Pyaar Mein (From ""Tu Jhoothi Main Makkaar"")","spotify:track:2ZD4aIEepqZsdxPxLSuUhm",None,None,None,None,None,None,None,"unknown","endplay",False,True,None,None,False
"2024-05-28T10:57:53Z","android",0,"IN","43.241.193.33","Pehle Bhi Main","Vishal Mishra","ANIMAL","spotify:track:7yDHHVKLbvDmVw1XXhDDIO",None,None,None,None,None,None,None,"unknown","endplay",False,True,None,None,False
"2024-05-28T10:57:54Z","android",0,"IN","43.241.193.33","Satranga (From ""ANIMAL"")","Arijit Singh","Satranga (From ""ANIMAL"")","spotify:track:3yHyiUDJdz02FZ6jfUbsmY",None,None,None,None,None,None,None,"unknown","endplay",False,True,None,None,False
"2024-05-28T10:57:54Z","android",0,"IN","43.241.193.33","End of Beginning","Djo","DECIDE","spotify:track:3qhlB30KknSejmIvZZLjOD",None,None,None,None,None,None,None,"unknown","endplay",False,True,None,None,False
"2024-05-28T10:57:55Z","android",0,"IN","43.241.193.33","Nothing Is Lost (You Give Me Strength)","The Weeknd","Avatar: The Way of Water","spotify:track:1DzJbVkBELu6jDu6q0T0tk",None,None,None,None,None,None,None,"unknown","endplay",False,True,None,None,False
"2024-05-28T10:57:56Z","android",540,"IN","43.241.193.33","Teen Age Riot (Album Version)","Sonic Youth","Daydream Nation (Deluxe Edition)","spotify:track:0WIbzDVEpmOyBnqqdtqIL9",None,None,None,None,None,None,None,"unknown","endplay",False,True,None,None,False
"2024-05-28T10:57:58Z","android",897,"IN","43.241.193.33","Love Is an Open Door - From ""Frozen""/Soundtrack Version","Kristen Bell","Frozen - Original Motion Picture Soundtrack / Deluxe Edition","spotify:track:3IPnBzGRMg6BfViFxxa0Gq",None,None,None,None,None,None,None,"unknown","endplay",False,True,None,None,False
"2024-10-18T20:09:06Z","android",256838,"US","2607:fb90:eed2:6aa:ac39:c3f7:b09d:5cdf","redrum","21 Savage","redrum","spotify:track:5NmwV142EKASbGINLddC9i",None,None,None,None,None,None,None,"switched-to-video","endplay",True,True,False,1729281889,False
"2024-10-18T22:00:32Z","android",188628,"US","2603:6081:2100:6f8:196:db45:954d:9b95","Sonne","Rammstein","Sonne","spotify:track:6Ov6rVRUmyZ3jcACU50WRY",None,None,None,None,None,None,None,"switched-to-video","trackdone",True,False,False,1729288642,False
"2024-10-19T03:10:27Z","windows",2255,"US","76.182.75.162","Kids","MGMT","Kids","spotify:track:4eosctG5YMlrW5rhrcWYnK",None,None,None,None,None,None,None,"switched-to-video","endplay",False,True,None,None,False
"2024-10-19T03:10:33Z","windows",1661,"US","76.182.75.162","Kids","MGMT","Kids","spotify:track:4eosctG5YMlrW5rhrcWYnK",None,None,None,None,None,None,None,"switched-to-video","endplay",False,True,None,None,False
"2024-10-31T00:12:28Z","android",14894,"US","2607:fb90:7527:ce16:ac39:6c11:81e3:30dd","i like the way you kiss me","Artemas","i like the way you kiss me","spotify:track:2MD28BCWXzjMiaqO1sBc87",None,None,None,None,None,None,None,"switched-to-video","endplay",False,True,False,1730333526,False
"2024-12-18T00:07:43Z","windows",2029,"US","35.146.30.71","APT.","ROSÉ","APT.","spotify:track:04h58ACw3A2hC6xKsZOkST",None,None,None,None,None,None,None,"switched-to-video","endplay",False,True,None,None,False
"2024-12-20T06:14:05Z","android",935,"US","2603:8080:1ef0:4700:1448:2e0d:72d6:3ed2",None,None,None,None,None,None,None,None,None,None,None,"unknown","endplay",False,True,False,1734675243,False
"2024-12-20T06:14:09Z","android",127,"US","2603:8080:1ef0:4700:1448:2e0d:72d6:3ed2",None,None,None,None,None,None,None,None,None,None,None,"unknown","endplay",False,True,False,1734675248,False
"2024-12-27T22:45:51Z","windows",87102,"US","35.146.30.71","Final Ascent - Single Edit / From ''No Time To Die'' Soundtrack","Hans Zimmer","Final Ascent","spotify:track:00A7Be390ZlAuwshmiS0g9",None,None,None,None,None,None,None,"fwdbtn","endplay",False,True,None,None,False
"2024-12-29T15:02:29Z","windows",1830,"US","35.146.30.71","Babuji Zara Dheere Chalo","Sukhwinder Singh","Babuji Zara Dheere Chalo","spotify:track:3zmjf4nv8BuSsnjWCZGkNL",None,None,None,None,None,None,None,"fwdbtn","endplay",False,True,None,None,False
"2025-01-23T19:45:40Z","android",245,"US","2607:fb90:5084:41f6:ac39:4b77:4e9b:b43",None,None,None,None,"𝑩𝑳𝑨𝑯! 𝑵𝒐𝒎𝒊 𝑿𝑫 [𝑺𝒍𝒐𝒘𝒆𝒅]","Random cool songs ","spotify:episode:6n6r0BToBk0qBjUmL0zQ2I",None,None,None,None,"unknown","endplay",False,True,False,1737661540,False
"2025-01-23T19:45:41Z","android",0,"US","2607:fb90:5084:41f6:ac39:4b77:4e9b:b43",None,None,None,None,"137. Manoj Babli: India's Most Horrific Honor Killing","The Desi Crime Podcast","spotify:episode:0kcq4WlNsDg44Cee7SjGea",None,None,None,None,"unknown","endplay",False,True,False,1737661541,False
"2025-01-23T19:45:43Z","android",1461,"US","2607:fb90:5084:41f6:ac39:4b77:4e9b:b43",None,None,None,None,"𝑩𝑳𝑨𝑯! 𝑵𝒐𝒎𝒊 𝑿𝑫 [𝑺𝒍𝒐𝒘𝒆𝒅]","Random cool songs ","spotify:episode:6n6r0BToBk0qBjUmL0zQ2I",None,None,None,None,"unknown","endplay",False,True,False,1737661541,False
"2025-01-23T19:45:44Z","android",0,"US","2607:fb90:5084:41f6:ac39:4b77:4e9b:b43",None,None,None,None,"137. Manoj Babli: India's Most Horrific Honor Killing","The Desi Crime Podcast","spotify:episode:0kcq4WlNsDg44Cee7SjGea",None,None,None,None,"unknown","endplay",False,True,False,1737661544,False
"2025-01-23T19:46:35Z","android",51042,"US","2607:fb90:5084:41f6:ac39:4b77:4e9b:b43",None,None,None,None,"𝑩𝑳𝑨𝑯! 𝑵𝒐𝒎𝒊 𝑿𝑫 [𝑺𝒍𝒐𝒘𝒆𝒅]","Random cool songs ","spotify:episode:6n6r0BToBk0qBjUmL0zQ2I",None,None,None,None,"unknown","endplay",False,True,False,1737661544,False
"2025-01-23T19:46:37Z","android",1277,"US","2607:fb90:5084:41f6:ac39:4b77:4e9b:b43",None,None,None,None,"137. Manoj Babli: India's Most Horrific Honor Killing","The Desi Crime Podcast","spotify:episode:0kcq4WlNsDg44Cee7SjGea",None,None,None,None,"unknown","endplay",False,True,False,1737661595,False
"2025-01-23T19:46:38Z","android",614,"US","2607:fb90:5084:41f6:ac39:4b77:4e9b:b43",None,None,None,None,"Knives, Fire, and Pickup Trucks","Distractible","spotify:episode:6DToB4HnVAQ54I9aKCNVNS",None,None,None,None,"unknown","endplay",False,True,False,1737661597,False
"2025-05-10T20:36:33Z","android",0,"US","2607:fb90:f2a0:40f1:ac39:bc57:68dc:e552",None,None,None,None,"The Horrors Of Food Dye…","oompaville","spotify:episode:5ucfFYDOh8Zf34pmDNkpPz",None,None,None,None,"unknown","endplay",False,True,False,1746909393,False
"2025-05-11T15:51:11Z","android",1472,"US","2603:8080:1ef0:6310:9592:9484:d386:277e",None,None,None,None,"The Horrors Of Food Dye…","oompaville","spotify:episode:5ucfFYDOh8Zf34pmDNkpPz",None,None,None,None,"unknown","endplay",False,True,False,1746978669,False
